time,sensor1_predictions,sensor2_predictions
2022-09-12 17:30:00+00:00,19.891083165726467,19.6
2022-09-12 17:35:00+00:00,19.836627106584736,19.6
2022-09-12 17:40:00+00:00,19.759351436392723,19.6
2022-09-12 17:45:00+00:00,19.81636369244574,19.6
2022-09-12 17:50:00+00:00,19.858617075838833,19.6
2022-09-12 17:55:00+00:00,19.78749394645027,19.6
2022-09-12 18:00:00+00:00,19.781356889598015,19.6
2022-09-12 18:05:00+00:00,19.850547382901397,19.6
2022-09-12 18:10:00+00:00,19.825574170201843,19.6
2022-09-12 18:15:00+00:00,19.77364532086495,19.6
2022-09-12 18:20:00+00:00,19.820932294553806,19.6
2022-09-12 18:25:00+00:00,19.84819081937604,19.6
2022-09-12 18:30:00+00:00,19.792844564938108,19.6
2022-09-12 18:35:00+00:00,19.79341678067039,19.6
2022-09-12 18:40:00+00:00,19.844990149480203,19.6
2022-09-12 18:45:00+00:00,19.821795876501138,19.6
2022-09-12 18:50:00+00:00,19.785339031434805,19.6
2022-09-12 18:55:00+00:00,19.82397431828313,19.6
2022-09-12 19:00:00+00:00,19.84085449252406,19.6
2022-09-12 19:05:00+00:00,19.798202263549342,19.6
2022-09-12 19:10:00+00:00,19.802614327133906,19.6
2022-09-12 19:15:00+00:00,19.840718713625165,19.6
2022-09-12 19:20:00+00:00,19.82007601858358,19.6
2022-09-12 19:25:00+00:00,19.79490835049625,19.6
2022-09-12 19:30:00+00:00,19.826072459070936,19.6
2022-09-12 19:35:00+00:00,19.8359045680307,19.6
2022-09-12 19:40:00+00:00,19.80334726517916,19.6
2022-09-12 19:45:00+00:00,19.80969913192531,19.6
2022-09-12 19:50:00+00:00,19.83759665361971,19.6
2022-09-12 19:55:00+00:00,19.81978375077959,19.6
2022-09-12 20:00:00+00:00,19.80276504931293,19.6
2022-09-12 20:05:00+00:00,19.827623129752695,19.6
2022-09-12 20:10:00+00:00,19.83278103363513,19.6
2022-09-12 20:15:00+00:00,19.808166919560232,19.6
2022-09-12 20:20:00+00:00,19.815239671318572,19.6
2022-09-12 20:25:00+00:00,19.83547059561177,19.6
2022-09-12 20:30:00+00:00,19.820463266695697,19.6
2022-09-12 20:35:00+00:00,19.80925728661099,19.6
2022-09-12 20:40:00+00:00,19.828889816876842,19.6
2022-09-12 20:45:00+00:00,19.831042858366473,19.6
2022-09-12 20:50:00+00:00,19.81261751333875,19.6
2022-09-12 20:55:00+00:00,19.819663260584594,19.6
2022-09-12 21:00:00+00:00,19.834187400521362,19.6
2022-09-12 21:05:00+00:00,19.82178908677564,19.6
2022-09-12 21:10:00+00:00,19.814673978363857,19.6
2022-09-12 21:15:00+00:00,19.830042416023744,19.6
2022-09-12 21:20:00+00:00,19.830346139644192,19.6
2022-09-12 21:25:00+00:00,19.81669782143902,19.6
2022-09-12 21:30:00+00:00,19.82328822488121,19.6
2022-09-12 21:35:00+00:00,19.833604032262762,19.6
2022-09-12 21:40:00+00:00,19.823531862928125,19.6
2022-09-12 21:45:00+00:00,19.819251166819548,19.6
2022-09-12 21:50:00+00:00,19.831185943855893,19.6
2022-09-12 21:55:00+00:00,19.830425214415943,19.6
2022-09-12 22:00:00+00:00,19.820431131928075,19.6
2022-09-12 22:05:00+00:00,19.826349493664196,19.6
2022-09-12 22:10:00+00:00,19.833592574955993,19.6
2022-09-12 22:15:00+00:00,19.825532456892304,19.6
2022-09-12 22:20:00+00:00,19.82317912464938,19.6
2022-09-12 22:25:00+00:00,19.83238127226987,19.6
2022-09-12 22:30:00+00:00,19.83107670427996,19.6
2022-09-12 22:35:00+00:00,19.823853313661523,19.6
2022-09-12 22:40:00+00:00,19.829018747275764,19.6
2022-09-12 22:45:00+00:00,19.834042133943242,19.6
2022-09-12 22:50:00+00:00,19.827682463750627,19.6
2022-09-12 22:55:00+00:00,19.826609419423278,19.6
2022-09-12 23:00:00+00:00,19.833659925182108,19.6
2022-09-12 23:05:00+00:00,19.832146286335128,19.6
2022-09-12 23:10:00+00:00,19.827005135574012,19.6
2022-09-12 23:15:00+00:00,19.831420119357034,19.6
2022-09-12 23:20:00+00:00,19.834858821067968,19.6
2022-09-12 23:25:00+00:00,19.829909709522042,19.6
2022-09-12 23:30:00+00:00,19.82966149544045,19.6
2022-09-12 23:35:00+00:00,19.83503449784286,19.6
2022-09-12 23:40:00+00:00,19.83351789257979,19.6
2022-09-12 23:45:00+00:00,19.829927530861575,19.6
2022-09-12 23:50:00+00:00,19.833642321515104,19.6
2022-09-12 23:55:00+00:00,19.835964639248218,19.6
2022-09-13 00:00:00+00:00,19.832167553118595,19.6
2022-09-13 00:05:00+00:00,19.832428549595953,19.6
2022-09-13 00:10:00+00:00,19.83650588064303,19.6
2022-09-13 00:15:00+00:00,19.83510500888808,19.6
2022-09-13 00:20:00+00:00,19.832658862910215,19.6
2022-09-13 00:25:00+00:00,19.83574792137135,19.6
2022-09-13 00:30:00+00:00,19.83729580668173,19.6
2022-09-13 00:35:00+00:00,19.834427072380045,19.6
2022-09-13 00:40:00+00:00,19.83498261881259,19.6
2022-09-13 00:45:00+00:00,19.838068175111523,19.6
2022-09-13 00:50:00+00:00,19.836843747723144,19.6
2022-09-13 00:55:00+00:00,19.83523352031081,19.6
2022-09-13 01:00:00+00:00,19.83778037972055,19.6
2022-09-13 01:05:00+00:00,19.838800867883897,19.6
2022-09-13 01:10:00+00:00,19.836671417241217,19.6
2022-09-13 01:15:00+00:00,19.837378882932178,19.6
2022-09-13 01:20:00+00:00,19.839711962799026,19.6
2022-09-13 01:25:00+00:00,19.83868739175589,19.6
2022-09-13 01:30:00+00:00,19.83768136762948,19.6
2022-09-13 01:35:00+00:00,19.83976934099213,19.6
2022-09-13 01:40:00+00:00,19.84043880509527,19.6
2022-09-13 01:45:00+00:00,19.838891776685756,19.6
2022-09-13 01:50:00+00:00,19.839659236371663,19.6
2022-09-13 01:55:00+00:00,19.841426414199404,19.6
2022-09-13 02:00:00+00:00,19.84060213850121,19.6
2022-09-13 02:05:00+00:00,19.84002772403848,19.6
2022-09-13 02:10:00+00:00,19.84173457489669,19.6
2022-09-13 02:15:00+00:00,19.842177272830977,19.6
2022-09-13 02:20:00+00:00,19.841084536236842,19.6
2022-09-13 02:25:00+00:00,19.841855206794303,19.6
2022-09-13 02:30:00+00:00,19.843200593352396,19.6
2022-09-13 02:35:00+00:00,19.84256381259494,19.6
2022-09-13 02:40:00+00:00,19.842293646889388,19.6
2022-09-13 02:45:00+00:00,19.843688885859414,19.6
2022-09-13 02:50:00+00:00,19.843991018158103,19.6
2022-09-13 02:55:00+00:00,19.84324930509842,19.6
2022-09-13 03:00:00+00:00,19.843990308297645,19.6
2022-09-13 03:05:00+00:00,19.845024214997558,19.6
2022-09-13 03:10:00+00:00,19.844555348521823,19.6
2022-09-13 03:15:00+00:00,19.84449637218856,19.6
2022-09-13 03:20:00+00:00,19.84564023949262,19.6
2022-09-13 03:25:00+00:00,19.845860510602733,19.6
2022-09-13 03:30:00+00:00,19.845387571811976,19.6
2022-09-13 03:35:00+00:00,19.84608191624459,19.6
2022-09-13 03:40:00+00:00,19.84688803762882,19.6
2022-09-13 03:45:00+00:00,19.846564880249446,19.6
2022-09-13 03:50:00+00:00,19.84664981663008,19.6
2022-09-13 03:55:00+00:00,19.847593300405656,19.6
2022-09-13 04:00:00+00:00,19.847770781786593,19.6
2022-09-13 04:05:00+00:00,19.84750180885144,19.6
2022-09-13 04:10:00+00:00,19.84814274497687,19.6
2022-09-13 04:15:00+00:00,19.848784021585885,19.6
2022-09-13 04:20:00+00:00,19.848584304216203,19.6
2022-09-13 04:25:00+00:00,19.848765082350347,19.6
2022-09-13 04:30:00+00:00,19.849550531401693,19.6
2022-09-13 04:35:00+00:00,19.849710461199447,19.6
2022-09-13 04:40:00+00:00,19.84959489366679,19.6
2022-09-13 04:45:00+00:00,19.85018200097701,19.6
2022-09-13 04:50:00+00:00,19.850705341737523,19.6
2022-09-13 04:55:00+00:00,19.850608208062035,19.6
2022-09-13 05:00:00+00:00,19.850850930393083,19.6
2022-09-13 05:05:00+00:00,19.85151296889841,19.6
2022-09-13 05:10:00+00:00,19.851670987523292,19.6
2022-09-13 05:15:00+00:00,19.851669749389202,19.6
2022-09-13 05:20:00+00:00,19.85220627433385,19.6
2022-09-13 05:25:00+00:00,19.852646315720857,19.6
2022-09-13 05:30:00+00:00,19.852633079412595,19.6
2022-09-13 05:35:00+00:00,19.852914205362904,19.6
2022-09-13 05:40:00+00:00,19.85348076168546,19.6
2022-09-13 05:45:00+00:00,19.853645972244735,19.6
2022-09-13 05:50:00+00:00,19.853729135241466,19.6
2022-09-13 05:55:00+00:00,19.854220221690902,19.6
2022-09-13 06:00:00+00:00,19.85460228829125,19.6
2022-09-13 06:05:00+00:00,19.85465672721166,19.6
2022-09-13 06:10:00+00:00,19.85496020436846,19.6
2022-09-13 06:15:00+00:00,19.855453538518404,19.6
2022-09-13 06:20:00+00:00,19.85563069226493,19.6
2022-09-13 06:25:00+00:00,19.85577553668018,19.6
2022-09-13 06:30:00+00:00,19.856227084831524,19.6
2022-09-13 06:35:00+00:00,19.856569497960862,19.6
2022-09-13 06:40:00+00:00,19.85667786294717,19.6
2022-09-13 06:45:00+00:00,19.85699298991404,19.6
2022-09-13 06:50:00+00:00,19.857430653356506,19.6
2022-09-13 06:55:00+00:00,19.857621689717153,19.6
2022-09-13 07:00:00+00:00,19.85781112004043,19.6
2022-09-13 07:05:00+00:00,19.858229080990327,19.6
2022-09-13 07:10:00+00:00,19.85854494213267,19.6
2022-09-13 07:15:00+00:00,19.858695801084007,19.6
2022-09-13 07:20:00+00:00,19.859015650191992,19.6
2022-09-13 07:25:00+00:00,19.85941134427571,19.6
2022-09-13 07:30:00+00:00,19.859616459483217,19.6
2022-09-13 07:35:00+00:00,19.859837727225433,19.6
2022-09-13 07:40:00+00:00,19.86022769399396,19.6
2022-09-13 07:45:00+00:00,19.860526250147824,19.6
2022-09-13 07:50:00+00:00,19.860710247546695,19.6
2022-09-13 07:55:00+00:00,19.861030512184758,19.6
2022-09-13 08:00:00+00:00,19.86139483239598,19.6
2022-09-13 08:05:00+00:00,19.861613207481764,19.6
2022-09-13 08:10:00+00:00,19.861856893770106,19.6
2022-09-13 08:15:00+00:00,19.862223889422346,19.6
2022-09-13 08:20:00+00:00,19.862511569147003,19.6
2022-09-13 08:25:00+00:00,19.862721152603903,19.6
2022-09-13 08:30:00+00:00,19.863039313758858,19.6
2022-09-13 08:35:00+00:00,19.86338037987405,19.6
2022-09-13 08:40:00+00:00,19.863610665387696,19.6
2022-09-13 08:45:00+00:00,19.86386987917033,19.6
2022-09-13 08:50:00+00:00,19.86421827207215,19.6
2022-09-13 08:55:00+00:00,19.864499464729953,19.6
2022-09-13 09:00:00+00:00,19.864728610363656,19.6
2022-09-13 09:05:00+00:00,19.865043340974964,19.6
2022-09-13 09:10:00+00:00,19.865367320581576,19.6
2022-09-13 09:15:00+00:00,19.865607949862937,19.6
2022-09-13 09:20:00+00:00,19.865877702291467,19.6
2022-09-13 09:25:00+00:00,19.866211199991213,19.6
2022-09-13 09:30:00+00:00,19.866488836591007,19.6
2022-09-13 09:35:00+00:00,19.866732791614375,19.6
2022-09-13 09:40:00+00:00,19.867043536457643,19.6
2022-09-13 09:45:00+00:00,19.867355073078862,19.6
2022-09-13 09:50:00+00:00,19.867604456546616,19.6
2022-09-13 09:55:00+00:00,19.86788117739313,19.6
2022-09-13 10:00:00+00:00,19.868202866116107,19.6
2022-09-13 10:05:00+00:00,19.868478848257965,19.6
2022-09-13 10:10:00+00:00,19.868733900213236,19.6
2022-09-13 10:15:00+00:00,19.869040584068806,19.6
2022-09-13 10:20:00+00:00,19.86934314256304,19.6
2022-09-13 10:25:00+00:00,19.869599780934195,19.6
2022-09-13 10:30:00+00:00,19.86988094816334,19.6
2022-09-13 10:35:00+00:00,19.87019335596575,19.6
2022-09-13 10:40:00+00:00,19.87046886951463,19.6
2022-09-13 10:45:00+00:00,19.870732145854316,19.6
2022-09-13 10:50:00+00:00,19.871034974442928,19.6
2022-09-13 10:55:00+00:00,19.87133111634909,19.6
2022-09-13 11:00:00+00:00,19.87159365986944,19.6
2022-09-13 11:05:00+00:00,19.871877518392765,19.6
2022-09-13 11:10:00+00:00,19.872182687810458,19.6
2022-09-13 11:15:00+00:00,19.872458429864942,19.6
2022-09-13 11:20:00+00:00,19.872727728028607,19.6
2022-09-13 11:25:00+00:00,19.873027055250926,19.6
2022-09-13 11:30:00+00:00,19.873318655925985,19.6
2022-09-13 11:35:00+00:00,19.873585928698258,19.6
2022-09-13 11:40:00+00:00,19.87387127872013,19.6
2022-09-13 11:45:00+00:00,19.874170840148757,19.6
2022-09-13 11:50:00+00:00,19.87444718137569,19.6
2022-09-13 11:55:00+00:00,19.874720827464177,19.6
2022-09-13 12:00:00+00:00,19.87501706941041,19.6
2022-09-13 12:05:00+00:00,19.875305487560407,19.6
2022-09-13 12:10:00+00:00,19.87557649021798,19.6
2022-09-13 12:15:00+00:00,19.875862529377503,19.6
2022-09-13 12:20:00+00:00,19.87615777009689,19.6
2022-09-13 12:25:00+00:00,19.876434869331145,19.6
2022-09-13 12:30:00+00:00,19.876711602424887,19.6
2022-09-13 12:35:00+00:00,19.877005183877213,19.6
2022-09-13 12:40:00+00:00,19.877291392676828,19.6
2022-09-13 12:45:00+00:00,19.87756529243079,19.6
2022-09-13 12:50:00+00:00,19.87785149915469,19.6
2022-09-13 12:55:00+00:00,19.878143425355553,19.6
2022-09-13 13:00:00+00:00,19.87842130929003,19.6
2022-09-13 13:05:00+00:00,19.878700188044117,19.6
2022-09-13 13:10:00+00:00,19.878991511146587,19.6
2022-09-13 13:15:00+00:00,19.87927619873516,19.6
2022-09-13 13:20:00+00:00,19.87955231280815,19.6
2022-09-13 13:25:00+00:00,19.87983836095509,19.6
2022-09-13 13:30:00+00:00,19.88012775170435,19.6
2022-09-13 13:35:00+00:00,19.88040636931764,19.6
2022-09-13 13:40:00+00:00,19.880686697447096,19.6
2022-09-13 13:45:00+00:00,19.880976125162473,19.6
2022-09-13 13:50:00+00:00,19.88125977098832,19.6
2022-09-13 13:55:00+00:00,19.881537547323656,19.6
2022-09-13 14:00:00+00:00,19.88182324437881,19.6
2022-09-13 14:05:00+00:00,19.882110697436453,19.6
2022-09-13 14:10:00+00:00,19.8823899563505,19.6
2022-09-13 14:15:00+00:00,19.882671223828762,19.6
2022-09-13 14:20:00+00:00,19.882959072975503,19.6
2022-09-13 14:25:00+00:00,19.88324200528228,19.6
2022-09-13 14:30:00+00:00,19.883521002941862,19.6
2022-09-13 14:35:00+00:00,19.883806245777276,19.6
2022-09-13 14:40:00+00:00,19.884092215745152,19.6
2022-09-13 14:45:00+00:00,19.884372005824986,19.6
2022-09-13 14:50:00+00:00,19.884653842945845,19.6
2022-09-13 14:55:00+00:00,19.884940383197517,19.6
2022-09-13 15:00:00+00:00,19.885222821924305,19.6
2022-09-13 15:05:00+00:00,19.885502692583465,19.6
2022-09-13 15:10:00+00:00,19.885787436199347,19.6
2022-09-13 15:15:00+00:00,19.886072265777244,19.6
2022-09-13 15:20:00+00:00,19.886352473858032,19.6
2022-09-13 15:25:00+00:00,19.886634615684958,19.6
2022-09-13 15:30:00+00:00,19.886920072063514,19.6
2022-09-13 15:35:00+00:00,19.887202160564506,19.6
2022-09-13 15:40:00+00:00,19.887482631842175,19.6
2022-09-13 15:45:00+00:00,19.887766867607677,19.6
2022-09-13 15:50:00+00:00,19.888050812851173,19.6
2022-09-13 15:55:00+00:00,19.88833133140439,19.6
2022-09-13 16:00:00+00:00,19.888613590507244,19.6
2022-09-13 16:05:00+00:00,19.888898147723168,19.6
2022-09-13 16:10:00+00:00,19.88917997599335,19.6
2022-09-13 16:15:00+00:00,19.889460836922687,19.6
2022-09-13 16:20:00+00:00,19.88974457769575,19.6
2022-09-13 16:25:00+00:00,19.890027828180713,19.6
2022-09-13 16:30:00+00:00,19.890308559930812,19.6
2022-09-13 16:35:00+00:00,19.890590805662875,19.6
2022-09-13 16:40:00+00:00,19.890874613234928,19.6
2022-09-13 16:45:00+00:00,19.8911562347394,19.6
2022-09-13 16:50:00+00:00,19.891437323415044,19.6
2022-09-13 16:55:00+00:00,19.891720593586708,19.6
2022-09-13 17:00:00+00:00,19.892003288332265,19.6
2022-09-13 17:05:00+00:00,19.89228414824414,19.6
2022-09-13 17:10:00+00:00,19.892566291129107,19.6
2022-09-13 17:15:00+00:00,19.89284946861912,19.6
2022-09-13 17:20:00+00:00,19.89313091234871,19.6
2022-09-13 17:25:00+00:00,19.893412105629743,19.6
2022-09-13 17:30:00+00:00,19.893694934648295,19.6
2022-09-13 17:35:00+00:00,19.893977174564263,19.6
2022-09-13 17:40:00+00:00,19.894258090189457,19.6
2022-09-13 17:45:00+00:00,19.894540070263176,19.6
2022-09-13 17:50:00+00:00,19.89482271223627,19.6
2022-09-13 17:55:00+00:00,19.895103991233242,19.6
2022-09-13 18:00:00+00:00,19.8953851962986,19.6
2022-09-13 18:05:00+00:00,19.895667614616418,19.6
2022-09-13 18:10:00+00:00,19.895949472141844,19.6
2022-09-13 18:15:00+00:00,19.89623038299832,19.6
2022-09-13 18:20:00+00:00,19.896512161183665,19.6
2022-09-13 18:25:00+00:00,19.896794341687702,19.6
2022-09-13 18:30:00+00:00,19.897075458986674,19.6
2022-09-13 18:35:00+00:00,19.89735660650543,19.6
2022-09-13 18:40:00+00:00,19.897638643182773,19.6
2022-09-13 18:45:00+00:00,19.897920169681857,19.6
2022-09-13 18:50:00+00:00,19.898201026118432,19.6
2022-09-13 18:55:00+00:00,19.898482577905742,19.6
2022-09-13 19:00:00+00:00,19.898764354382763,19.6
2022-09-13 19:05:00+00:00,19.899045307078456,19.6
2022-09-13 19:10:00+00:00,19.899326345753344,19.6
2022-09-13 19:15:00+00:00,19.89960802717101,19.6
2022-09-13 19:20:00+00:00,19.899889258557963,19.6
2022-09-13 19:25:00+00:00,19.900170020396295,19.6
2022-09-13 19:30:00+00:00,19.90045133126106,19.6
2022-09-13 19:35:00+00:00,19.900732747877452,19.6
2022-09-13 19:40:00+00:00,19.901013529850523,19.6
2022-09-13 19:45:00+00:00,19.901294422106297,19.6
2022-09-13 19:50:00+00:00,19.901575771399713,19.6
2022-09-13 19:55:00+00:00,19.901856732379024,19.6
2022-09-13 20:00:00+00:00,19.902137367516072,19.6
2022-09-13 20:05:00+00:00,19.902418429633855,19.6
2022-09-13 20:10:00+00:00,19.902699520059517,19.6
2022-09-13 20:15:00+00:00,19.90298012375327,19.6
2022-09-13 20:20:00+00:00,19.90326084236407,19.6
2022-09-13 20:25:00+00:00,19.903541879309106,19.6
2022-09-13 20:30:00+00:00,19.90382258654357,19.6
2022-09-13 20:35:00+00:00,19.904103069622284,19.6
2022-09-13 20:40:00+00:00,19.904383879543506,19.6
2022-09-13 20:45:00+00:00,19.904664669233238,19.6
2022-09-13 20:50:00+00:00,19.904945086768883,19.6
2022-09-13 20:55:00+00:00,19.905225612245122,19.6
2022-09-13 21:00:00+00:00,19.905506353411063,19.6
2022-09-13 21:05:00+00:00,19.905786817867043,19.6
2022-09-13 21:10:00+00:00,19.906067129072817,19.6
2022-09-13 21:15:00+00:00,19.90634768610083,19.6
2022-09-13 21:20:00+00:00,19.906628194140993,19.6
2022-09-13 21:25:00+00:00,19.906908417979942,19.6
2022-09-13 21:30:00+00:00,19.907188736562023,19.6
2022-09-13 21:35:00+00:00,19.907469195608275,19.6
2022-09-13 21:40:00+00:00,19.907749424275117,19.6
2022-09-13 21:45:00+00:00,19.908029548282926,19.6
2022-09-13 21:50:00+00:00,19.908309853362116,19.6
2022-09-13 21:55:00+00:00,19.908590093947065,19.6
2022-09-13 22:00:00+00:00,19.908870117249645,19.6
2022-09-13 22:05:00+00:00,19.90915021938127,19.6
2022-09-13 22:10:00+00:00,19.909430407417364,19.6
2022-09-13 22:15:00+00:00,19.909710404555035,19.6
2022-09-13 22:20:00+00:00,19.909990329631707,19.6
2022-09-13 22:25:00+00:00,19.910270384601255,19.6
2022-09-13 22:30:00+00:00,19.910550368200823,19.6
2022-09-13 22:35:00+00:00,19.91083018498704,19.6
2022-09-13 22:40:00+00:00,19.911110064163644,19.6
2022-09-13 22:45:00+00:00,19.911389990122224,19.6
2022-09-13 22:50:00+00:00,19.911669758156414,19.6
2022-09-13 22:55:00+00:00,19.9119494754106,19.6
2022-09-13 23:00:00+00:00,19.9122292825171,19.6
2022-09-13 23:05:00+00:00,19.91250901679036,19.6
2022-09-13 23:10:00+00:00,19.9127886219764,19.6
2022-09-13 23:15:00+00:00,19.9130682738843,19.6
2022-09-13 23:20:00+00:00,19.913347944877295,19.6
2022-09-13 23:25:00+00:00,19.913627485033544,19.6
2022-09-13 23:30:00+00:00,19.91390698779941,19.6
2022-09-13 23:35:00+00:00,19.914186549390067,19.6
2022-09-13 23:40:00+00:00,19.91446603989376,19.6
2022-09-13 23:45:00+00:00,19.91474542925462,19.6
2022-09-13 23:50:00+00:00,19.915024851133346,19.6
2022-09-13 23:55:00+00:00,19.915304272775295,19.6
2022-09-14 00:00:00+00:00,19.915583585521762,19.6
2022-09-14 00:05:00+00:00,19.91586286885971,19.6
2022-09-14 00:10:00+00:00,19.91614218719935,19.6
2022-09-14 00:15:00+00:00,19.916421437932105,19.6
2022-09-14 00:20:00+00:00,19.91670060802419,19.6
2022-09-14 00:25:00+00:00,19.916979798198685,19.6
2022-09-14 00:30:00+00:00,19.91725897489013,19.6
2022-09-14 00:35:00+00:00,19.917538060241494,19.6
2022-09-14 00:40:00+00:00,19.917817120538665,19.6
2022-09-14 00:45:00+00:00,19.91809619770985,19.6
2022-09-14 00:50:00+00:00,19.918375211526538,19.6
2022-09-14 00:55:00+00:00,19.918654159592304,19.6
2022-09-14 01:00:00+00:00,19.91893311713325,19.6
2022-09-14 01:05:00+00:00,19.919212052302694,19.6
2022-09-14 01:10:00+00:00,19.919490910024432,19.6
2022-09-14 01:15:00+00:00,19.919769744678604,19.6
2022-09-14 01:20:00+00:00,19.92004858253606,19.6
2022-09-14 01:25:00+00:00,19.920327361460533,19.6
2022-09-14 01:30:00+00:00,19.92060608532895,19.6
2022-09-14 01:35:00+00:00,19.920884809808875,19.6
2022-09-14 01:40:00+00:00,19.921163506115203,19.6
2022-09-14 01:45:00+00:00,19.92144213585726,19.6
2022-09-14 01:50:00+00:00,19.9217207430293,19.6
2022-09-14 01:55:00+00:00,19.921999343188517,19.6
2022-09-14 02:00:00+00:00,19.9222778886475,19.6
2022-09-14 02:05:00+00:00,19.92255638663864,19.6
2022-09-14 02:10:00+00:00,19.922834877959005,19.6
2022-09-14 02:15:00+00:00,19.923113337457963,19.6
2022-09-14 02:20:00+00:00,19.923391738839143,19.6
2022-09-14 02:25:00+00:00,19.923670117260933,19.6
2022-09-14 02:30:00+00:00,19.92394848110717,19.6
2022-09-14 02:35:00+00:00,19.92422679410366,19.6
2022-09-14 02:40:00+00:00,19.924505064941872,19.6
2022-09-14 02:45:00+00:00,19.924783323212196,19.6
2022-09-14 02:50:00+00:00,19.92506154749137,19.6
2022-09-14 02:55:00+00:00,19.925339720149864,19.6
2022-09-14 03:00:00+00:00,19.92561786897671,19.6
2022-09-14 03:05:00+00:00,19.92589599768516,19.6
2022-09-14 03:10:00+00:00,19.92617407892567,19.6
2022-09-14 03:15:00+00:00,19.926452121663292,19.6
2022-09-14 03:20:00+00:00,19.926730147118107,19.6
2022-09-14 03:25:00+00:00,19.927008137405018,19.6
2022-09-14 03:30:00+00:00,19.927286081026217,19.6
2022-09-14 03:35:00+00:00,19.927563999724363,19.6
2022-09-14 03:40:00+00:00,19.927841894285404,19.6
2022-09-14 03:45:00+00:00,19.92811974427245,19.6
2022-09-14 03:50:00+00:00,19.928397558224606,19.6
2022-09-14 03:55:00+00:00,19.92867535116754,19.6
2022-09-14 04:00:00+00:00,19.92895310841522,19.6
2022-09-14 04:05:00+00:00,19.929230822744604,19.6
2022-09-14 04:10:00+00:00,19.929508511006322,19.6
2022-09-14 04:15:00+00:00,19.929786172252065,19.6
2022-09-14 04:20:00+00:00,19.93006379135062,19.6
2022-09-14 04:25:00+00:00,19.930341376040587,19.6
2022-09-14 04:30:00+00:00,19.93061893680771,19.6
2022-09-14 04:35:00+00:00,19.930896461761776,19.6
2022-09-14 04:40:00+00:00,19.931173946608396,19.6
2022-09-14 04:45:00+00:00,19.931451404288445,19.6
2022-09-14 04:50:00+00:00,19.93172883291827,19.6
2022-09-14 04:55:00+00:00,19.93200622140291,19.6
2022-09-14 05:00:00+00:00,19.932283576517165,19.6
2022-09-14 05:05:00+00:00,19.932560905453776,19.6
2022-09-14 05:10:00+00:00,19.932838198704495,19.6
2022-09-14 05:15:00+00:00,19.933115453938864,19.6
2022-09-14 05:20:00+00:00,19.933392681007334,19.6
2022-09-14 05:25:00+00:00,19.933669877611234,19.6
2022-09-14 05:30:00+00:00,19.933947035699124,19.6
2022-09-14 05:35:00+00:00,19.934224161050835,19.6
2022-09-14 05:40:00+00:00,19.934501258497516,19.6
2022-09-14 05:45:00+00:00,19.93477832051984,19.6
2022-09-14 05:50:00+00:00,19.935055346068673,19.6
2022-09-14 05:55:00+00:00,19.93533234257636,19.6
2022-09-14 06:00:00+00:00,19.93560930765546,19.6
2022-09-14 06:05:00+00:00,19.935886235529054,19.6
2022-09-14 06:10:00+00:00,19.936163131028856,19.6
2022-09-14 06:15:00+00:00,19.936439997313748,19.6
2022-09-14 06:20:00+00:00,19.936716828497836,19.6
2022-09-14 06:25:00+00:00,19.936993624337365,19.6
2022-09-14 06:30:00+00:00,19.937270390390616,19.6
2022-09-14 06:35:00+00:00,19.937547124374742,19.6
2022-09-14 06:40:00+00:00,19.93782382219709,19.6
2022-09-14 06:45:00+00:00,19.9381004878299,19.6
2022-09-14 06:50:00+00:00,19.93837712326504,19.6
2022-09-14 06:55:00+00:00,19.938653723939318,19.6
2022-09-14 07:00:00+00:00,19.938930290088237,19.6
2022-09-14 07:05:00+00:00,19.93920682583083,19.6
2022-09-14 07:10:00+00:00,19.939483329093246,19.6
2022-09-14 07:15:00+00:00,19.939759797018038,19.6
2022-09-14 07:20:00+00:00,19.940036232824898,19.6
2022-09-14 07:25:00+00:00,19.940312637705187,19.6
2022-09-14 07:30:00+00:00,19.940589008153612,19.6
2022-09-14 07:35:00+00:00,19.940865344666207,19.6
2022-09-14 07:40:00+00:00,19.941141650266502,19.6
2022-09-14 07:45:00+00:00,19.941417923136072,19.6
2022-09-14 07:50:00+00:00,19.94169416131402,19.6
2022-09-14 07:55:00+00:00,19.94197036737797,19.6
2022-09-14 08:00:00+00:00,19.942246541981646,19.6
2022-09-14 08:05:00+00:00,19.94252268245653,19.6
2022-09-14 08:10:00+00:00,19.94279878941644,19.6
2022-09-14 08:15:00+00:00,19.94307486505837,19.6
2022-09-14 08:20:00+00:00,19.943350907829405,19.6
2022-09-14 08:25:00+00:00,19.943626916412104,19.6
2022-09-14 08:30:00+00:00,19.943902892847326,19.6
2022-09-14 08:35:00+00:00,19.94417883743734,19.6
2022-09-14 08:40:00+00:00,19.944454748168763,19.6
2022-09-14 08:45:00+00:00,19.944730625683444,19.6
2022-09-14 08:50:00+00:00,19.945006471560326,19.6
2022-09-14 08:55:00+00:00,19.945282284500493,19.6
2022-09-14 09:00:00+00:00,19.945558063642554,19.6
2022-09-14 09:05:00+00:00,19.94583381058611,19.6
2022-09-14 09:10:00+00:00,19.94610952541188,19.6
2022-09-14 09:15:00+00:00,19.946385206614544,19.6
2022-09-14 09:20:00+00:00,19.946660854810535,19.6
2022-09-14 09:25:00+00:00,19.946936471120864,19.6
2022-09-14 09:30:00+00:00,19.947212054477482,19.6
2022-09-14 09:35:00+00:00,19.947487604337567,19.6
2022-09-14 09:40:00+00:00,19.947763121943105,19.6
2022-09-14 09:45:00+00:00,19.948038607242417,19.6
2022-09-14 09:50:00+00:00,19.94831405912057,19.6
2022-09-14 09:55:00+00:00,19.948589478139528,19.6
2022-09-14 10:00:00+00:00,19.948864865084232,19.6
2022-09-14 10:05:00+00:00,19.949140219089177,19.6
2022-09-14 10:10:00+00:00,19.94941553983032,19.6
2022-09-14 10:15:00+00:00,19.9496908282634,19.6
2022-09-14 10:20:00+00:00,19.949966084264226,19.6
2022-09-14 10:25:00+00:00,19.95024130701519,19.6
2022-09-14 10:30:00+00:00,19.95051649701059,19.6
2022-09-14 10:35:00+00:00,19.950791654791278,19.6
2022-09-14 10:40:00+00:00,19.951066779664806,19.6
2022-09-14 10:45:00+00:00,19.951341871454293,19.6
2022-09-14 10:50:00+00:00,19.95161693088891,19.6
2022-09-14 10:55:00+00:00,19.9518919578111,19.6
2022-09-14 11:00:00+00:00,19.9521669516277,19.6
2022-09-14 11:05:00+00:00,19.952441912762183,19.6
2022-09-14 11:10:00+00:00,19.95271684158008,19.6
2022-09-14 11:15:00+00:00,19.95299173753379,19.6
2022-09-14 11:20:00+00:00,19.953266600542808,19.6
2022-09-14 11:25:00+00:00,19.953541431158815,19.6
2022-09-14 11:30:00+00:00,19.953816229215576,19.6
2022-09-14 11:35:00+00:00,19.954090994287856,19.6
2022-09-14 11:40:00+00:00,19.954365726731087,19.6
2022-09-14 11:45:00+00:00,19.954640426786433,19.6
2022-09-14 11:50:00+00:00,19.954915094025488,19.6
2022-09-14 11:55:00+00:00,19.95518972842867,19.6
2022-09-14 12:00:00+00:00,19.955464330409924,19.6
2022-09-14 12:05:00+00:00,19.9557388998091,19.6
2022-09-14 12:10:00+00:00,19.956013436325456,19.6
2022-09-14 12:15:00+00:00,19.956287940252423,19.6
2022-09-14 12:20:00+00:00,19.956562411744194,19.6
2022-09-14 12:25:00+00:00,19.956836850469045,19.6
2022-09-14 12:30:00+00:00,19.95711125644395,19.6
2022-09-14 12:35:00+00:00,19.957385629976965,19.6
2022-09-14 12:40:00+00:00,19.9576599709221,19.6
2022-09-14 12:45:00+00:00,19.957934279070052,19.6
2022-09-14 12:50:00+00:00,19.958208554659727,19.6
2022-09-14 12:55:00+00:00,19.95848279778554,19.6
2022-09-14 13:00:00+00:00,19.95875700819319,19.6
2022-09-14 13:05:00+00:00,19.959031185919827,19.6
2022-09-14 13:10:00+00:00,19.959305331192812,19.6
2022-09-14 13:15:00+00:00,19.95957944388406,19.6
2022-09-14 13:20:00+00:00,19.959853523850708,19.6
2022-09-14 13:25:00+00:00,19.960127571285025,19.6
2022-09-14 13:30:00+00:00,19.96040158624114,19.6
2022-09-14 13:35:00+00:00,19.960675568526096,19.6
2022-09-14 13:40:00+00:00,19.960949518186467,19.6
2022-09-14 13:45:00+00:00,19.961223435388664,19.6
2022-09-14 13:50:00+00:00,19.961497320023483,19.6
2022-09-14 13:55:00+00:00,19.961771171995828,19.6
2022-09-14 14:00:00+00:00,19.962044991458875,19.6
2022-09-14 14:05:00+00:00,19.962318778440316,19.6
2022-09-14 14:10:00+00:00,19.962592532795277,19.6
2022-09-14 14:15:00+00:00,19.96286625457298,19.6
2022-09-14 14:20:00+00:00,19.9631399438942,19.6
2022-09-14 14:25:00+00:00,19.96341360066795,19.6
2022-09-14 14:30:00+00:00,19.963687224833038,19.6
2022-09-14 14:35:00+00:00,19.963960816510443,19.6
2022-09-14 14:40:00+00:00,19.964234375711108,19.6
2022-09-14 14:45:00+00:00,19.964507902327487,19.6
2022-09-14 14:50:00+00:00,19.964781396407368,19.6
2022-09-14 14:55:00+00:00,19.965054858037668,19.6
2022-09-14 15:00:00+00:00,19.965328287144057,19.6
2022-09-14 15:05:00+00:00,19.965601683689073,19.6
2022-09-14 15:10:00+00:00,19.965875047767558,19.6
2022-09-14 15:15:00+00:00,19.96614837938035,19.6
2022-09-14 15:20:00+00:00,19.96642167844863,19.6
2022-09-14 15:25:00+00:00,19.966694945016492,19.6
2022-09-14 15:30:00+00:00,19.966968179145987,19.6
2022-09-14 15:35:00+00:00,19.967241380777445,19.6
2022-09-14 15:40:00+00:00,19.96751454988974,19.6
2022-09-14 15:45:00+00:00,19.96778768655675,19.6
2022-09-14 15:50:00+00:00,19.96806079077372,19.6
2022-09-14 15:55:00+00:00,19.96833386248371,19.6
2022-09-14 16:00:00+00:00,19.968606901726087,19.6
2022-09-14 16:05:00+00:00,19.968879908544803,19.6
2022-09-14 16:10:00+00:00,19.96915288289275,19.6
2022-09-14 16:15:00+00:00,19.969425824759828,19.6
2022-09-14 16:20:00+00:00,19.969698734203305,19.6
2022-09-14 16:25:00+00:00,19.969971611215755,19.6
2022-09-14 16:30:00+00:00,19.970244455756788,19.6
2022-09-14 16:35:00+00:00,19.970517267860735,19.6
2022-09-14 16:40:00+00:00,19.970790047558527,19.6
2022-09-14 16:45:00+00:00,19.971062794813605,19.6
2022-09-14 16:50:00+00:00,19.971335509623106,19.6
2022-09-14 16:55:00+00:00,19.971608192031276,19.6
2022-09-14 17:00:00+00:00,19.971880842029883,19.6
2022-09-14 17:05:00+00:00,19.972153459590935,19.6
2022-09-14 17:10:00+00:00,19.972426044743877,19.6
2022-09-14 17:15:00+00:00,19.972698597510394,19.6
2022-09-14 17:20:00+00:00,19.97297111786262,19.6
2022-09-14 17:25:00+00:00,19.97324360580229,19.6
2022-09-14 17:30:00+00:00,19.97351606136353,19.6
2022-09-14 17:35:00+00:00,19.97378848453843,19.6
2022-09-14 17:40:00+00:00,19.9740608753082,19.6
2022-09-14 17:45:00+00:00,19.974333233697813,19.6
2022-09-14 17:50:00+00:00,19.97460555972247,19.6
2022-09-14 17:55:00+00:00,19.97487785336136,19.6
2022-09-14 18:00:00+00:00,19.975150114619012,19.6
2022-09-14 18:05:00+00:00,19.975422343521757,19.6
2022-09-14 18:10:00+00:00,19.975694540062634,19.6
2022-09-14 18:15:00+00:00,19.97596670422961,19.6
2022-09-14 18:20:00+00:00,19.97623883604371,19.6
2022-09-14 18:25:00+00:00,19.976510935515673,19.6
2022-09-14 18:30:00+00:00,19.976783002630356,19.6
2022-09-14 18:35:00+00:00,19.977055037393836,19.6
2022-09-14 18:40:00+00:00,19.977327039826495,19.6
2022-09-14 18:45:00+00:00,19.977599009922628,19.6
2022-09-14 18:50:00+00:00,19.977870947675118,19.6
2022-09-14 18:55:00+00:00,19.978142853101605,19.6
2022-09-14 19:00:00+00:00,19.97841472620981,19.6
2022-09-14 19:05:00+00:00,19.978686566989072,19.6
2022-09-14 19:10:00+00:00,19.978958375446222,19.6
2022-09-14 19:15:00+00:00,19.979230151597147,19.6
2022-09-14 19:20:00+00:00,19.979501895437473,19.6
2022-09-14 19:25:00+00:00,19.979773606963636,19.6
2022-09-14 19:30:00+00:00,19.980045286190418,19.6
2022-09-14 19:35:00+00:00,19.98031693312355,19.6
2022-09-14 19:40:00+00:00,19.980588547755904,19.6
2022-09-14 19:45:00+00:00,19.98086013009454,19.6
2022-09-14 19:50:00+00:00,19.981131680151975,19.6
2022-09-14 19:55:00+00:00,19.98140319792514,19.6
2022-09-14 20:00:00+00:00,19.981674683412983,19.6
2022-09-14 20:05:00+00:00,19.98194613662794,19.6
2022-09-14 20:10:00+00:00,19.98221755757447,19.6
2022-09-14 20:15:00+00:00,19.982488946248182,19.6
2022-09-14 20:20:00+00:00,19.982760302656068,19.6
2022-09-14 20:25:00+00:00,19.983031626808135,19.6
2022-09-14 20:30:00+00:00,19.98330291870251,19.6
2022-09-14 20:35:00+00:00,19.98357417833991,19.6
2022-09-14 20:40:00+00:00,19.983845405730854,19.6
2022-09-14 20:45:00+00:00,19.98411660087903,19.6
2022-09-14 20:50:00+00:00,19.984387763782163,19.6
2022-09-14 20:55:00+00:00,19.984658894446984,19.6
2022-09-14 21:00:00+00:00,19.98492999288166,19.6
2022-09-14 21:05:00+00:00,19.985201059085384,19.6
2022-09-14 21:10:00+00:00,19.98547209306008,19.6
2022-09-14 21:15:00+00:00,19.985743094814733,19.6
2022-09-14 21:20:00+00:00,19.9860140643526,19.6
2022-09-14 21:25:00+00:00,19.98628500167301,19.6
2022-09-14 21:30:00+00:00,19.986555906782364,19.6
2022-09-14 21:35:00+00:00,19.986826779687483,19.6
2022-09-14 21:40:00+00:00,19.987097620388468,19.6
2022-09-14 21:45:00+00:00,19.987368428888068,19.6
2022-09-14 21:50:00+00:00,19.987639205194046,19.6
2022-09-14 21:55:00+00:00,19.987909949309447,19.6
2022-09-14 22:00:00+00:00,19.988180661234814,19.6
2022-09-14 22:05:00+00:00,19.988451340976187,19.6
2022-09-14 22:10:00+00:00,19.988721988539425,19.6
2022-09-14 22:15:00+00:00,19.988992603925386,19.6
2022-09-14 22:20:00+00:00,19.98926318713736,19.6
2022-09-14 22:25:00+00:00,19.98953373818216,19.6
2022-09-14 22:30:00+00:00,19.989804257062747,19.6
2022-09-14 22:35:00+00:00,19.990074743780582,19.6
2022-09-14 22:40:00+00:00,19.99034519834135,19.6
2022-09-14 22:45:00+00:00,19.990615620750216,19.6
2022-09-14 22:50:00+00:00,19.990886011008676,19.6
2022-09-14 22:55:00+00:00,19.991156369120365,19.6
2022-09-14 23:00:00+00:00,19.99142669509134,19.6
2022-09-14 23:05:00+00:00,19.991696988924584,19.6
2022-09-14 23:10:00+00:00,19.99196725062223,19.6
2022-09-14 23:15:00+00:00,19.992237480189637,19.6
2022-09-14 23:20:00+00:00,19.992507677631487,19.6
2022-09-14 23:25:00+00:00,19.99277784294979,19.6
2022-09-14 23:30:00+00:00,19.993047976148386,19.6
2022-09-14 23:35:00+00:00,19.993318077232757,19.6
2022-09-14 23:40:00+00:00,19.993588146205948,19.6
2022-09-14 23:45:00+00:00,19.993858183070586,19.6
2022-09-14 23:50:00+00:00,19.99412818783175,19.6
2022-09-14 23:55:00+00:00,19.994398160493773,19.6
2022-09-15 00:00:00+00:00,19.994668101059084,19.6
2022-09-15 00:05:00+00:00,19.99493800953164,19.6
2022-09-15 00:10:00+00:00,19.995207885916486,19.6
2022-09-15 00:15:00+00:00,19.995477730216738,19.6
2022-09-15 00:20:00+00:00,19.9957475424354,19.6
2022-09-15 00:25:00+00:00,19.996017322577288,19.6
2022-09-15 00:30:00+00:00,19.99628707064652,19.6
2022-09-15 00:35:00+00:00,19.99655678664584,19.6
2022-09-15 00:40:00+00:00,19.996826470579265,19.6
2022-09-15 00:45:00+00:00,19.997096122451506,19.6
2022-09-15 00:50:00+00:00,19.99736574226577,19.6
2022-09-15 00:55:00+00:00,19.997635330025325,19.6
2022-09-15 01:00:00+00:00,19.99790488573477,19.6
2022-09-15 01:05:00+00:00,19.998174409398075,19.6
2022-09-15 01:10:00+00:00,19.99844390101824,19.6
2022-09-15 01:15:00+00:00,19.9987133605993,19.6
2022-09-15 01:20:00+00:00,19.998982788145707,19.6
2022-09-15 01:25:00+00:00,19.999252183660772,19.6
2022-09-15 01:30:00+00:00,19.99952154714793,19.6
2022-09-15 01:35:00+00:00,19.99979087861162,19.6
2022-09-15 01:40:00+00:00,20.00006017805571,19.6
2022-09-15 01:45:00+00:00,20.00032944548339,19.6
2022-09-15 01:50:00+00:00,20.000598680898698,19.6
2022-09-15 01:55:00+00:00,20.000867884305894,19.6
2022-09-15 02:00:00+00:00,20.001137055708373,19.6
2022-09-15 02:05:00+00:00,20.001406195109702,19.6
2022-09-15 02:10:00+00:00,20.001675302514172,19.6
2022-09-15 02:15:00+00:00,20.00194437792559,19.6
2022-09-15 02:20:00+00:00,20.002213421347303,19.6
2022-09-15 02:25:00+00:00,20.002482432783324,19.6
2022-09-15 02:30:00+00:00,20.002751412237778,19.6
2022-09-15 02:35:00+00:00,20.003020359714128,19.6
2022-09-15 02:40:00+00:00,20.003289275216034,19.6
2022-09-15 02:45:00+00:00,20.003558158747673,19.6
2022-09-15 02:50:00+00:00,20.003827010312808,19.6
2022-09-15 02:55:00+00:00,20.00409582991491,19.6
2022-09-15 03:00:00+00:00,20.00436461755796,19.6
2022-09-15 03:05:00+00:00,20.00463337324598,19.6
2022-09-15 03:10:00+00:00,20.004902096982505,19.6
2022-09-15 03:15:00+00:00,20.00517078877124,19.6
2022-09-15 03:20:00+00:00,20.005439448616283,19.6
2022-09-15 03:25:00+00:00,20.00570807652137,19.6
2022-09-15 03:30:00+00:00,20.005976672490057,19.6
2022-09-15 03:35:00+00:00,20.006245236526297,19.6
2022-09-15 03:40:00+00:00,20.006513768634047,19.6
2022-09-15 03:45:00+00:00,20.00678226881688,19.6
2022-09-15 03:50:00+00:00,20.00705073707855,19.6
2022-09-15 03:55:00+00:00,20.007319173423078,19.6
2022-09-15 04:00:00+00:00,20.007587577854185,19.6
2022-09-15 04:05:00+00:00,20.0078559503755,19.6
2022-09-15 04:10:00+00:00,20.00812429099095,19.6
2022-09-15 04:15:00+00:00,20.00839259970443,19.6
2022-09-15 04:20:00+00:00,20.008660876519556,19.6
2022-09-15 04:25:00+00:00,20.008929121440108,19.6
2022-09-15 04:30:00+00:00,20.009197334470045,19.6
2022-09-15 04:35:00+00:00,20.009465515613094,19.6
2022-09-15 04:40:00+00:00,20.009733664872925,19.6
2022-09-15 04:45:00+00:00,20.01000178225344,19.6
2022-09-15 04:50:00+00:00,20.010269867758492,19.6
2022-09-15 04:55:00+00:00,20.01053792139174,19.6
2022-09-15 05:00:00+00:00,20.010805943156967,19.6
2022-09-15 05:05:00+00:00,20.011073933058093,19.6
2022-09-15 05:10:00+00:00,20.011341891098848,19.6
2022-09-15 05:15:00+00:00,20.011609817282928,19.6
2022-09-15 05:20:00+00:00,20.01187771161421,19.6
2022-09-15 05:25:00+00:00,20.012145574096532,19.6
2022-09-15 05:30:00+00:00,20.012413404733568,19.6
2022-09-15 05:35:00+00:00,20.012681203529116,19.6
2022-09-15 05:40:00+00:00,20.012948970487052,19.6
2022-09-15 05:45:00+00:00,20.01321670561111,19.6
2022-09-15 05:50:00+00:00,20.013484408905015,19.6
2022-09-15 05:55:00+00:00,20.013752080372626,19.6
2022-09-15 06:00:00+00:00,20.01401972001775,19.6
2022-09-15 06:05:00+00:00,20.014287327844087,19.6
2022-09-15 06:10:00+00:00,20.01455490385544,19.6
2022-09-15 06:15:00+00:00,20.014822448055654,19.6
2022-09-15 06:20:00+00:00,20.01508996044847,19.6
2022-09-15 06:25:00+00:00,20.015357441037626,19.6
2022-09-15 06:30:00+00:00,20.015624889826963,19.6
2022-09-15 06:35:00+00:00,20.015892306820273,19.6
2022-09-15 06:40:00+00:00,20.016159692021276,19.6
2022-09-15 06:45:00+00:00,20.016427045433765,19.6
2022-09-15 06:50:00+00:00,20.01669436706157,19.6
2022-09-15 06:55:00+00:00,20.016961656908435,19.6
2022-09-15 07:00:00+00:00,20.017228914978112,19.6
2022-09-15 07:05:00+00:00,20.017496141274417,19.6
2022-09-15 07:10:00+00:00,20.017763335801142,19.6
2022-09-15 07:15:00+00:00,20.018030498562013,19.6
2022-09-15 07:20:00+00:00,20.01829762956082,19.6
2022-09-15 07:25:00+00:00,20.01856472880138,19.6
2022-09-15 07:30:00+00:00,20.018831796287436,19.6
2022-09-15 07:35:00+00:00,20.019098832022742,19.6
2022-09-15 07:40:00+00:00,20.019365836011115,19.6
2022-09-15 07:45:00+00:00,20.019632808256326,19.6
2022-09-15 07:50:00+00:00,20.019899748762114,19.6
2022-09-15 07:55:00+00:00,20.02016665753227,19.6
2022-09-15 08:00:00+00:00,20.020433534570586,19.6
2022-09-15 08:05:00+00:00,20.020700379880818,19.6
2022-09-15 08:10:00+00:00,20.02096719346672,19.6
2022-09-15 08:15:00+00:00,20.021233975332095,19.6
2022-09-15 08:20:00+00:00,20.02150072548071,19.6
2022-09-15 08:25:00+00:00,20.021767443916314,19.6
2022-09-15 08:30:00+00:00,20.022034130642687,19.6
2022-09-15 08:35:00+00:00,20.022300785663617,19.6
2022-09-15 08:40:00+00:00,20.02256740898285,19.6
2022-09-15 08:45:00+00:00,20.022834000604156,19.6
2022-09-15 08:50:00+00:00,20.023100560531322,19.6
2022-09-15 08:55:00+00:00,20.023367088768108,19.6
2022-09-15 09:00:00+00:00,20.02363358531827,19.6
2022-09-15 09:05:00+00:00,20.023900050185578,19.6
2022-09-15 09:10:00+00:00,20.02416648337382,19.6
2022-09-15 09:15:00+00:00,20.02443288488674,19.6
2022-09-15 09:20:00+00:00,20.024699254728098,19.6
2022-09-15 09:25:00+00:00,20.024965592901683,19.6
2022-09-15 09:30:00+00:00,20.025231899411253,19.6
2022-09-15 09:35:00+00:00,20.02549817426056,19.6
2022-09-15 09:40:00+00:00,20.02576441745337,19.6
2022-09-15 09:45:00+00:00,20.026030628993464,19.6
2022-09-15 09:50:00+00:00,20.02629680888459,19.6
2022-09-15 09:55:00+00:00,20.02656295713051,19.6
2022-09-15 10:00:00+00:00,20.026829073734994,19.6
2022-09-15 10:05:00+00:00,20.0270951587018,19.6
2022-09-15 10:10:00+00:00,20.027361212034688,19.6
2022-09-15 10:15:00+00:00,20.027627233737416,19.6
2022-09-15 10:20:00+00:00,20.027893223813756,19.6
2022-09-15 10:25:00+00:00,20.02815918226746,19.6
2022-09-15 10:30:00+00:00,20.02842510910228,19.6
2022-09-15 10:35:00+00:00,20.02869100432199,19.6
2022-09-15 10:40:00+00:00,20.02895686793034,19.6
2022-09-15 10:45:00+00:00,20.029222699931083,19.6
2022-09-15 10:50:00+00:00,20.02948850032799,19.6
2022-09-15 10:55:00+00:00,20.029754269124815,19.6
2022-09-15 11:00:00+00:00,20.030020006325305,19.6
2022-09-15 11:05:00+00:00,20.030285711933224,19.6
2022-09-15 11:10:00+00:00,20.03055138595233,19.6
2022-09-15 11:15:00+00:00,20.030817028386373,19.6
2022-09-15 11:20:00+00:00,20.03108263923911,19.6
2022-09-15 11:25:00+00:00,20.031348218514296,19.6
2022-09-15 11:30:00+00:00,20.03161376621569,19.6
2022-09-15 11:35:00+00:00,20.031879282347035,19.6
2022-09-15 11:40:00+00:00,20.03214476691209,19.6
2022-09-15 11:45:00+00:00,20.03241021991461,19.6
2022-09-15 11:50:00+00:00,20.03267564135835,19.6
2022-09-15 11:55:00+00:00,20.03294103124705,19.6
2022-09-15 12:00:00+00:00,20.033206389584468,19.6
2022-09-15 12:05:00+00:00,20.03347171637436,19.6
2022-09-15 12:10:00+00:00,20.03373701162047,19.6
2022-09-15 12:15:00+00:00,20.03400227532655,19.6
2022-09-15 12:20:00+00:00,20.034267507496352,19.6
2022-09-15 12:25:00+00:00,20.034532708133625,19.6
2022-09-15 12:30:00+00:00,20.03479787724211,19.6
2022-09-15 12:35:00+00:00,20.035063014825564,19.6
2022-09-15 12:40:00+00:00,20.035328120887733,19.6
2022-09-15 12:45:00+00:00,20.035593195432366,19.6
2022-09-15 12:50:00+00:00,20.035858238463202,19.6
2022-09-15 12:55:00+00:00,20.036123249983998,19.6
2022-09-15 13:00:00+00:00,20.036388229998497,19.6
2022-09-15 13:05:00+00:00,20.036653178510438,19.6
2022-09-15 13:10:00+00:00,20.036918095523575,19.6
2022-09-15 13:15:00+00:00,20.037182981041646,19.6
2022-09-15 13:20:00+00:00,20.037447835068402,19.6
2022-09-15 13:25:00+00:00,20.037712657607578,19.6
2022-09-15 13:30:00+00:00,20.03797744866293,19.6
2022-09-15 13:35:00+00:00,20.03824220823819,19.6
2022-09-15 13:40:00+00:00,20.038506936337104,19.6
2022-09-15 13:45:00+00:00,20.038771632963414,19.6
2022-09-15 13:50:00+00:00,20.039036298120866,19.6
2022-09-15 13:55:00+00:00,20.039300931813194,19.6
2022-09-15 14:00:00+00:00,20.039565534044144,19.6
2022-09-15 14:05:00+00:00,20.03983010481745,19.6
2022-09-15 14:10:00+00:00,20.04009464413686,19.6
2022-09-15 14:15:00+00:00,20.04035915200611,19.6
2022-09-15 14:20:00+00:00,20.04062362842894,19.6
2022-09-15 14:25:00+00:00,20.040888073409086,19.6
2022-09-15 14:30:00+00:00,20.04115248695029,19.6
2022-09-15 14:35:00+00:00,20.04141686905628,19.6
2022-09-15 14:40:00+00:00,20.041681219730805,19.6
2022-09-15 14:45:00+00:00,20.0419455389776,19.6
2022-09-15 14:50:00+00:00,20.042209826800395,19.6
2022-09-15 14:55:00+00:00,20.04247408320293,19.6
2022-09-15 15:00:00+00:00,20.042738308188937,19.6
2022-09-15 15:05:00+00:00,20.04300250176216,19.6
2022-09-15 15:10:00+00:00,20.04326666392632,19.6
2022-09-15 15:15:00+00:00,20.043530794685164,19.6
2022-09-15 15:20:00+00:00,20.04379489404242,19.6
2022-09-15 15:25:00+00:00,20.04405896200182,19.6
2022-09-15 15:30:00+00:00,20.044322998567097,19.6
2022-09-15 15:35:00+00:00,20.044587003741988,19.6
2022-09-15 15:40:00+00:00,20.044850977530217,19.6
2022-09-15 15:45:00+00:00,20.04511491993552,19.6
2022-09-15 15:50:00+00:00,20.04537883096163,19.6
2022-09-15 15:55:00+00:00,20.045642710612277,19.6
2022-09-15 16:00:00+00:00,20.04590655889119,19.6
2022-09-15 16:05:00+00:00,20.046170375802095,19.6
2022-09-15 16:10:00+00:00,20.046434161348728,19.6
2022-09-15 16:15:00+00:00,20.04669791553481,19.6
2022-09-15 16:20:00+00:00,20.046961638364074,19.6
2022-09-15 16:25:00+00:00,20.047225329840252,19.6
2022-09-15 16:30:00+00:00,20.047488989967064,19.6
2022-09-15 16:35:00+00:00,20.047752618748238,19.6
2022-09-15 16:40:00+00:00,20.048016216187506,19.6
2022-09-15 16:45:00+00:00,20.04827978228859,19.6
2022-09-15 16:50:00+00:00,20.048543317055213,19.6
2022-09-15 16:55:00+00:00,20.048806820491105,19.6
2022-09-15 17:00:00+00:00,20.049070292599993,19.6
2022-09-15 17:05:00+00:00,20.049333733385595,19.6
2022-09-15 17:10:00+00:00,20.04959714285164,19.6
2022-09-15 17:15:00+00:00,20.049860521001847,19.6
2022-09-15 17:20:00+00:00,20.05012386783994,19.6
2022-09-15 17:25:00+00:00,20.050387183369644,19.6
2022-09-15 17:30:00+00:00,20.05065046759468,19.6
2022-09-15 17:35:00+00:00,20.05091372051877,19.6
2022-09-15 17:40:00+00:00,20.051176942145634,19.6
2022-09-15 17:45:00+00:00,20.051440132478994,19.6
2022-09-15 17:50:00+00:00,20.05170329152257,19.6
2022-09-15 17:55:00+00:00,20.051966419280085,19.6
2022-09-15 18:00:00+00:00,20.052229515755254,19.6
2022-09-15 18:05:00+00:00,20.052492580951796,19.6
2022-09-15 18:10:00+00:00,20.052755614873433,19.6
2022-09-15 18:15:00+00:00,20.05301861752388,19.6
2022-09-15 18:20:00+00:00,20.053281588906856,19.6
2022-09-15 18:25:00+00:00,20.053544529026077,19.6
2022-09-15 18:30:00+00:00,20.053807437885265,19.6
2022-09-15 18:35:00+00:00,20.05407031548813,19.6
2022-09-15 18:40:00+00:00,20.05433316183839,19.6
2022-09-15 18:45:00+00:00,20.054595976939762,19.6
2022-09-15 18:50:00+00:00,20.054858760795963,19.6
2022-09-15 18:55:00+00:00,20.0551215134107,19.6
2022-09-15 19:00:00+00:00,20.055384234787695,19.6
2022-09-15 19:05:00+00:00,20.055646924930656,19.6
2022-09-15 19:10:00+00:00,20.055909583843302,19.6
2022-09-15 19:15:00+00:00,20.05617221152934,19.6
2022-09-15 19:20:00+00:00,20.05643480799249,19.6
2022-09-15 19:25:00+00:00,20.056697373236453,19.6
2022-09-15 19:30:00+00:00,20.05695990726495,19.6
2022-09-15 19:35:00+00:00,20.05722241008169,19.6
2022-09-15 19:40:00+00:00,20.057484881690378,19.6
2022-09-15 19:45:00+00:00,20.057747322094734,19.6
2022-09-15 19:50:00+00:00,20.05800973129846,19.6
2022-09-15 19:55:00+00:00,20.058272109305268,19.6
2022-09-15 20:00:00+00:00,20.058534456118867,19.6
2022-09-15 20:05:00+00:00,20.058796771742966,19.6
2022-09-15 20:10:00+00:00,20.059059056181272,19.6
2022-09-15 20:15:00+00:00,20.059321309437493,19.6
2022-09-15 20:20:00+00:00,20.059583531515333,19.6
2022-09-15 20:25:00+00:00,20.059845722418505,19.6
2022-09-15 20:30:00+00:00,20.06010788215071,19.6
2022-09-15 20:35:00+00:00,20.06037001071566,19.6
2022-09-15 20:40:00+00:00,20.06063210811705,19.6
2022-09-15 20:45:00+00:00,20.060894174358594,19.6
2022-09-15 20:50:00+00:00,20.061156209443993,19.6
2022-09-15 20:55:00+00:00,20.061418213376953,19.6
2022-09-15 21:00:00+00:00,20.061680186161173,19.6
2022-09-15 21:05:00+00:00,20.06194212780036,19.6
2022-09-15 21:10:00+00:00,20.06220403829822,19.6
2022-09-15 21:15:00+00:00,20.062465917658447,19.6
2022-09-15 21:20:00+00:00,20.06272776588475,19.6
2022-09-15 21:25:00+00:00,20.062989582980826,19.6
2022-09-15 21:30:00+00:00,20.063251368950375,19.6
2022-09-15 21:35:00+00:00,20.0635131237971,19.6
2022-09-15 21:40:00+00:00,20.063774847524705,19.6
2022-09-15 21:45:00+00:00,20.064036540136886,19.6
2022-09-15 21:50:00+00:00,20.06429820163734,19.6
2022-09-15 21:55:00+00:00,20.06455983202977,19.6
2022-09-15 22:00:00+00:00,20.064821431317867,19.6
2022-09-15 22:05:00+00:00,20.06508299950534,19.6
2022-09-15 22:10:00+00:00,20.065344536595877,19.6
2022-09-15 22:15:00+00:00,20.065606042593178,19.6
2022-09-15 22:20:00+00:00,20.06586751750094,19.6
2022-09-15 22:25:00+00:00,20.06612896132286,19.6
2022-09-15 22:30:00+00:00,20.06639037406263,19.6
2022-09-15 22:35:00+00:00,20.066651755723953,19.6
2022-09-15 22:40:00+00:00,20.066913106310516,19.6
2022-09-15 22:45:00+00:00,20.067174425826018,19.6
2022-09-15 22:50:00+00:00,20.067435714274147,19.6
2022-09-15 22:55:00+00:00,20.067696971658606,19.6
2022-09-15 23:00:00+00:00,20.067958197983078,19.6
2022-09-15 23:05:00+00:00,20.068219393251262,19.6
2022-09-15 23:10:00+00:00,20.06848055746685,19.6
2022-09-15 23:15:00+00:00,20.06874169063353,19.6
2022-09-15 23:20:00+00:00,20.069002792754997,19.6
2022-09-15 23:25:00+00:00,20.06926386383494,19.6
2022-09-15 23:30:00+00:00,20.06952490387705,19.6
2022-09-15 23:35:00+00:00,20.069785912885017,19.6
2022-09-15 23:40:00+00:00,20.07004689086253,19.6
2022-09-15 23:45:00+00:00,20.070307837813274,19.6
2022-09-15 23:50:00+00:00,20.07056875374095,19.6
2022-09-15 23:55:00+00:00,20.070829638649233,19.6
2022-09-16 00:00:00+00:00,20.071090492541817,19.6
2022-09-16 00:05:00+00:00,20.07135131542239,19.6
2022-09-16 00:10:00+00:00,20.071612107294634,19.6
2022-09-16 00:15:00+00:00,20.07187286816224,19.6
2022-09-16 00:20:00+00:00,20.072133598028895,19.6
2022-09-16 00:25:00+00:00,20.07239429689828,19.6
2022-09-16 00:30:00+00:00,20.072654964774088,19.6
2022-09-16 00:35:00+00:00,20.072915601659993,19.6
2022-09-16 00:40:00+00:00,20.073176207559683,19.6
2022-09-16 00:45:00+00:00,20.073436782476847,19.6
2022-09-16 00:50:00+00:00,20.073697326415164,19.6
2022-09-16 00:55:00+00:00,20.073957839378316,19.6
2022-09-16 01:00:00+00:00,20.07421832136999,19.6
2022-09-16 01:05:00+00:00,20.074478772393867,19.6
2022-09-16 01:10:00+00:00,20.074739192453624,19.6
2022-09-16 01:15:00+00:00,20.074999581552945,19.6
2022-09-16 01:20:00+00:00,20.075259939695513,19.6
2022-09-16 01:25:00+00:00,20.075520266885004,19.6
2022-09-16 01:30:00+00:00,20.075780563125104,19.6
2022-09-16 01:35:00+00:00,20.076040828419487,19.6
2022-09-16 01:40:00+00:00,20.076301062771833,19.6
2022-09-16 01:45:00+00:00,20.07656126618582,19.6
2022-09-16 01:50:00+00:00,20.076821438665128,19.6
2022-09-16 01:55:00+00:00,20.077081580213438,19.6
2022-09-16 02:00:00+00:00,20.07734169083442,19.6
2022-09-16 02:05:00+00:00,20.077601770531757,19.6
2022-09-16 02:10:00+00:00,20.07786181930912,19.6
2022-09-16 02:15:00+00:00,20.07812183717019,19.6
2022-09-16 02:20:00+00:00,20.078381824118637,19.6
2022-09-16 02:25:00+00:00,20.078641780158144,19.6
2022-09-16 02:30:00+00:00,20.078901705292377,19.6
2022-09-16 02:35:00+00:00,20.079161599525015,19.6
2022-09-16 02:40:00+00:00,20.079421462859735,19.6
2022-09-16 02:45:00+00:00,20.0796812953002,19.6
2022-09-16 02:50:00+00:00,20.079941096850096,19.6
2022-09-16 02:55:00+00:00,20.080200867513085,19.6
2022-09-16 03:00:00+00:00,20.080460607292842,19.6
2022-09-16 03:05:00+00:00,20.08072031619304,19.6
2022-09-16 03:10:00+00:00,20.08097999421735,19.6
2022-09-16 03:15:00+00:00,20.081239641369447,19.6
2022-09-16 03:20:00+00:00,20.08149925765299,19.6
2022-09-16 03:25:00+00:00,20.081758843071658,19.6
2022-09-16 03:30:00+00:00,20.082018397629117,19.6
2022-09-16 03:35:00+00:00,20.082277921329037,19.6
2022-09-16 03:40:00+00:00,20.08253741417509,19.6
2022-09-16 03:45:00+00:00,20.082796876170935,19.6
2022-09-16 03:50:00+00:00,20.08305630732025,19.6
2022-09-16 03:55:00+00:00,20.083315707626692,19.6
2022-09-16 04:00:00+00:00,20.083575077093936,19.6
2022-09-16 04:05:00+00:00,20.083834415725647,19.6
2022-09-16 04:10:00+00:00,20.084093723525488,19.6
2022-09-16 04:15:00+00:00,20.084353000497128,19.6
2022-09-16 04:20:00+00:00,20.084612246644227,19.6
2022-09-16 04:25:00+00:00,20.084871461970454,19.6
2022-09-16 04:30:00+00:00,20.08513064647947,19.6
2022-09-16 04:35:00+00:00,20.085389800174944,19.6
2022-09-16 04:40:00+00:00,20.085648923060536,19.6
2022-09-16 04:45:00+00:00,20.085908015139907,19.6
2022-09-16 04:50:00+00:00,20.08616707641672,19.6
2022-09-16 04:55:00+00:00,20.086426106894642,19.6
2022-09-16 05:00:00+00:00,20.086685106577328,19.6
2022-09-16 05:05:00+00:00,20.08694407546844,19.6
2022-09-16 05:10:00+00:00,20.087203013571646,19.6
2022-09-16 05:15:00+00:00,20.087461920890597,19.6
2022-09-16 05:20:00+00:00,20.087720797428958,19.6
2022-09-16 05:25:00+00:00,20.08797964319039,19.6
2022-09-16 05:30:00+00:00,20.088238458178544,19.6
2022-09-16 05:35:00+00:00,20.08849724239709,19.6
2022-09-16 05:40:00+00:00,20.088755995849674,19.6
2022-09-16 05:45:00+00:00,20.089014718539964,19.6
2022-09-16 05:50:00+00:00,20.089273410471606,19.6
2022-09-16 05:55:00+00:00,20.089532071648268,19.6
2022-09-16 06:00:00+00:00,20.089790702073604,19.6
2022-09-16 06:05:00+00:00,20.090049301751264,19.6
2022-09-16 06:10:00+00:00,20.090307870684907,19.6
2022-09-16 06:15:00+00:00,20.09056640887819,19.6
2022-09-16 06:20:00+00:00,20.090824916334764,19.6
2022-09-16 06:25:00+00:00,20.091083393058287,19.6
2022-09-16 06:30:00+00:00,20.09134183905241,19.6
2022-09-16 06:35:00+00:00,20.091600254320788,19.6
2022-09-16 06:40:00+00:00,20.091858638867073,19.6
2022-09-16 06:45:00+00:00,20.092116992694915,19.6
2022-09-16 06:50:00+00:00,20.09237531580797,19.6
2022-09-16 06:55:00+00:00,20.092633608209887,19.6
2022-09-16 07:00:00+00:00,20.09289186990432,19.6
2022-09-16 07:05:00+00:00,20.093150100894917,19.6
2022-09-16 07:10:00+00:00,20.093408301185328,19.6
2022-09-16 07:15:00+00:00,20.093666470779205,19.6
2022-09-16 07:20:00+00:00,20.093924609680197,19.6
2022-09-16 07:25:00+00:00,20.094182717891954,19.6
2022-09-16 07:30:00+00:00,20.09444079541812,19.6
2022-09-16 07:35:00+00:00,20.094698842262346,19.6
2022-09-16 07:40:00+00:00,20.09495685842828,19.6
2022-09-16 07:45:00+00:00,20.095214843919567,19.6
2022-09-16 07:50:00+00:00,20.09547279873986,19.6
2022-09-16 07:55:00+00:00,20.0957307228928,19.6
2022-09-16 08:00:00+00:00,20.09598861638203,19.6
2022-09-16 08:05:00+00:00,20.096246479211203,19.6
2022-09-16 08:10:00+00:00,20.09650431138396,19.6
2022-09-16 08:15:00+00:00,20.096762112903946,19.6
2022-09-16 08:20:00+00:00,20.097019883774806,19.6
2022-09-16 08:25:00+00:00,20.097277624000185,19.6
2022-09-16 08:30:00+00:00,20.09753533358372,19.6
2022-09-16 08:35:00+00:00,20.09779301252906,19.6
2022-09-16 08:40:00+00:00,20.098050660839846,19.6
2022-09-16 08:45:00+00:00,20.09830827851972,19.6
2022-09-16 08:50:00+00:00,20.098565865572326,19.6
2022-09-16 08:55:00+00:00,20.0988234220013,19.6
2022-09-16 09:00:00+00:00,20.099080947810286,19.6
2022-09-16 09:05:00+00:00,20.09933844300292,19.6
2022-09-16 09:10:00+00:00,20.099595907582852,19.6
2022-09-16 09:15:00+00:00,20.09985334155371,19.6
2022-09-16 09:20:00+00:00,20.100110744919142,19.6
2022-09-16 09:25:00+00:00,20.10036811768278,19.6
2022-09-16 09:30:00+00:00,20.100625459848267,19.6
2022-09-16 09:35:00+00:00,20.100882771419236,19.6
2022-09-16 09:40:00+00:00,20.101140052399327,19.6
2022-09-16 09:45:00+00:00,20.101397302792176,19.6
2022-09-16 09:50:00+00:00,20.10165452260142,19.6
2022-09-16 09:55:00+00:00,20.1019117118307,19.6
2022-09-16 10:00:00+00:00,20.10216887048364,19.6
2022-09-16 10:05:00+00:00,20.102425998563884,19.6
2022-09-16 10:10:00+00:00,20.102683096075065,19.6
2022-09-16 10:15:00+00:00,20.10294016302082,19.6
2022-09-16 10:20:00+00:00,20.10319719940477,19.6
2022-09-16 10:25:00+00:00,20.103454205230566,19.6
2022-09-16 10:30:00+00:00,20.10371118050183,19.6
2022-09-16 10:35:00+00:00,20.103968125222195,19.6
2022-09-16 10:40:00+00:00,20.1042250393953,19.6
2022-09-16 10:45:00+00:00,20.104481923024768,19.6
2022-09-16 10:50:00+00:00,20.104738776114235,19.6
2022-09-16 10:55:00+00:00,20.104995598667333,19.6
2022-09-16 11:00:00+00:00,20.10525239068769,19.6
2022-09-16 11:05:00+00:00,20.105509152178936,19.6
2022-09-16 11:10:00+00:00,20.1057658831447,19.6
2022-09-16 11:15:00+00:00,20.10602258358861,19.6
2022-09-16 11:20:00+00:00,20.1062792535143,19.6
2022-09-16 11:25:00+00:00,20.106535892925393,19.6
2022-09-16 11:30:00+00:00,20.106792501825517,19.6
2022-09-16 11:35:00+00:00,20.107049080218303,19.6
2022-09-16 11:40:00+00:00,20.107305628107376,19.6
2022-09-16 11:45:00+00:00,20.10756214549636,19.6
2022-09-16 11:50:00+00:00,20.107818632388884,19.6
2022-09-16 11:55:00+00:00,20.108075088788574,19.6
2022-09-16 12:00:00+00:00,20.108331514699053,19.6
2022-09-16 12:05:00+00:00,20.108587910123948,19.6
2022-09-16 12:10:00+00:00,20.108844275066883,19.6
2022-09-16 12:15:00+00:00,20.109100609531477,19.6
2022-09-16 12:20:00+00:00,20.10935691352136,19.6
2022-09-16 12:25:00+00:00,20.109613187040154,19.6
2022-09-16 12:30:00+00:00,20.10986943009148,19.6
2022-09-16 12:35:00+00:00,20.110125642678955,19.6
2022-09-16 12:40:00+00:00,20.11038182480621,19.6
2022-09-16 12:45:00+00:00,20.110637976476866,19.6
2022-09-16 12:50:00+00:00,20.110894097694533,19.6
2022-09-16 12:55:00+00:00,20.111150188462844,19.6
2022-09-16 13:00:00+00:00,20.11140624878541,19.6
2022-09-16 13:05:00+00:00,20.111662278665857,19.6
2022-09-16 13:10:00+00:00,20.1119182781078,19.6
2022-09-16 13:15:00+00:00,20.11217424711486,19.6
2022-09-16 13:20:00+00:00,20.112430185690656,19.6
2022-09-16 13:25:00+00:00,20.112686093838803,19.6
2022-09-16 13:30:00+00:00,20.11294197156292,19.6
2022-09-16 13:35:00+00:00,20.113197818866624,19.6
2022-09-16 13:40:00+00:00,20.11345363575353,19.6
2022-09-16 13:45:00+00:00,20.113709422227256,19.6
2022-09-16 13:50:00+00:00,20.113965178291416,19.6
2022-09-16 13:55:00+00:00,20.11422090394963,19.6
2022-09-16 14:00:00+00:00,20.114476599205506,19.6
2022-09-16 14:05:00+00:00,20.114732264062663,19.6
2022-09-16 14:10:00+00:00,20.114987898524713,19.6
2022-09-16 14:15:00+00:00,20.115243502595273,19.6
2022-09-16 14:20:00+00:00,20.115499076277953,19.6
2022-09-16 14:25:00+00:00,20.115754619576364,19.6
2022-09-16 14:30:00+00:00,20.11601013249412,19.6
2022-09-16 14:35:00+00:00,20.116265615034838,19.6
2022-09-16 14:40:00+00:00,20.116521067202118,19.6
2022-09-16 14:45:00+00:00,20.116776488999584,19.6
2022-09-16 14:50:00+00:00,20.117031880430837,19.6
2022-09-16 14:55:00+00:00,20.11728724149949,19.6
2022-09-16 15:00:00+00:00,20.117542572209153,19.6
2022-09-16 15:05:00+00:00,20.11779787256344,19.6
2022-09-16 15:10:00+00:00,20.11805314256595,19.6
2022-09-16 15:15:00+00:00,20.1183083822203,19.6
2022-09-16 15:20:00+00:00,20.118563591530094,19.6
2022-09-16 15:25:00+00:00,20.11881877049894,19.6
2022-09-16 15:30:00+00:00,20.119073919130443,19.6
2022-09-16 15:35:00+00:00,20.119329037428216,19.6
2022-09-16 15:40:00+00:00,20.11958412539586,19.6
2022-09-16 15:45:00+00:00,20.11983918303698,19.6
2022-09-16 15:50:00+00:00,20.120094210355184,19.6
2022-09-16 15:55:00+00:00,20.12034920735408,19.6
2022-09-16 16:00:00+00:00,20.12060417403727,19.6
2022-09-16 16:05:00+00:00,20.12085911040835,19.6
2022-09-16 16:10:00+00:00,20.121114016470937,19.6
2022-09-16 16:15:00+00:00,20.121368892228627,19.6
2022-09-16 16:20:00+00:00,20.121623737685024,19.6
2022-09-16 16:25:00+00:00,20.12187855284373,19.6
2022-09-16 16:30:00+00:00,20.122133337708348,19.6
2022-09-16 16:35:00+00:00,20.122388092282478,19.6
2022-09-16 16:40:00+00:00,20.122642816569723,19.6
2022-09-16 16:45:00+00:00,20.122897510573683,19.6
2022-09-16 16:50:00+00:00,20.123152174297957,19.6
2022-09-16 16:55:00+00:00,20.123406807746147,19.6
2022-09-16 17:00:00+00:00,20.12366141092185,19.6
2022-09-16 17:05:00+00:00,20.12391598382867,19.6
2022-09-16 17:10:00+00:00,20.124170526470202,19.6
2022-09-16 17:15:00+00:00,20.12442503885004,19.6
2022-09-16 17:20:00+00:00,20.12467952097179,19.6
2022-09-16 17:25:00+00:00,20.12493397283904,19.6
2022-09-16 17:30:00+00:00,20.125188394455396,19.6
2022-09-16 17:35:00+00:00,20.125442785824447,19.6
2022-09-16 17:40:00+00:00,20.125697146949797,19.6
2022-09-16 17:45:00+00:00,20.125951477835034,19.6
2022-09-16 17:50:00+00:00,20.126205778483754,19.6
2022-09-16 17:55:00+00:00,20.12646004889956,19.6
2022-09-16 18:00:00+00:00,20.126714289086035,19.6
2022-09-16 18:05:00+00:00,20.12696849904678,19.6
2022-09-16 18:10:00+00:00,20.127222678785387,19.6
2022-09-16 18:15:00+00:00,20.127476828305447,19.6
2022-09-16 18:20:00+00:00,20.12773094761055,19.6
2022-09-16 18:25:00+00:00,20.1279850367043,19.6
2022-09-16 18:30:00+00:00,20.128239095590274,19.6
2022-09-16 18:35:00+00:00,20.128493124272076,19.6
2022-09-16 18:40:00+00:00,20.12874712275329,19.6
2022-09-16 18:45:00+00:00,20.1290010910375,19.6
2022-09-16 18:50:00+00:00,20.129255029128313,19.6
2022-09-16 18:55:00+00:00,20.129508937029307,19.6
2022-09-16 19:00:00+00:00,20.12976281474407,19.6
2022-09-16 19:05:00+00:00,20.130016662276194,19.6
2022-09-16 19:10:00+00:00,20.13027047962927,19.6
2022-09-16 19:15:00+00:00,20.13052426680688,19.6
2022-09-16 19:20:00+00:00,20.130778023812617,19.6
2022-09-16 19:25:00+00:00,20.131031750650067,19.6
2022-09-16 19:30:00+00:00,20.131285447322814,19.6
2022-09-16 19:35:00+00:00,20.131539113834442,19.6
2022-09-16 19:40:00+00:00,20.131792750188545,19.6
2022-09-16 19:45:00+00:00,20.1320463563887,19.6
2022-09-16 19:50:00+00:00,20.132299932438496,19.6
2022-09-16 19:55:00+00:00,20.132553478341517,19.6
2022-09-16 20:00:00+00:00,20.132806994101347,19.6
2022-09-16 20:05:00+00:00,20.13306047972157,19.6
2022-09-16 20:10:00+00:00,20.13331393520577,19.6
2022-09-16 20:15:00+00:00,20.133567360557528,19.6
2022-09-16 20:20:00+00:00,20.133820755780427,19.6
2022-09-16 20:25:00+00:00,20.134074120878047,19.6
2022-09-16 20:30:00+00:00,20.13432745585397,19.6
2022-09-16 20:35:00+00:00,20.13458076071178,19.6
2022-09-16 20:40:00+00:00,20.134834035455057,19.6
2022-09-16 20:45:00+00:00,20.13508728008738,19.6
2022-09-16 20:50:00+00:00,20.135340494612326,19.6
2022-09-16 20:55:00+00:00,20.13559367903348,19.6
2022-09-16 21:00:00+00:00,20.135846833354417,19.6
2022-09-16 21:05:00+00:00,20.13609995757872,19.6
2022-09-16 21:10:00+00:00,20.13635305170996,19.6
2022-09-16 21:15:00+00:00,20.136606115751718,19.6
2022-09-16 21:20:00+00:00,20.136859149707576,19.6
2022-09-16 21:25:00+00:00,20.1371121535811,19.6
2022-09-16 21:30:00+00:00,20.13736512737588,19.6
2022-09-16 21:35:00+00:00,20.13761807109548,19.6
2022-09-16 21:40:00+00:00,20.137870984743483,19.6
2022-09-16 21:45:00+00:00,20.13812386832346,19.6
2022-09-16 21:50:00+00:00,20.138376721838988,19.6
2022-09-16 21:55:00+00:00,20.13862954529364,19.6
2022-09-16 22:00:00+00:00,20.13888233869099,19.6
2022-09-16 22:05:00+00:00,20.13913510203461,19.6
2022-09-16 22:10:00+00:00,20.13938783532808,19.6
2022-09-16 22:15:00+00:00,20.139640538574962,19.6
2022-09-16 22:20:00+00:00,20.139893211778837,19.6
2022-09-16 22:25:00+00:00,20.14014585494327,19.6
2022-09-16 22:30:00+00:00,20.140398468071837,19.6
2022-09-16 22:35:00+00:00,20.140651051168106,19.6
2022-09-16 22:40:00+00:00,20.14090360423565,19.6
2022-09-16 22:45:00+00:00,20.141156127278038,19.6
2022-09-16 22:50:00+00:00,20.141408620298836,19.6
2022-09-16 22:55:00+00:00,20.14166108330162,19.6
2022-09-16 23:00:00+00:00,20.141913516289954,19.6
2022-09-16 23:05:00+00:00,20.14216591926741,19.6
2022-09-16 23:10:00+00:00,20.14241829223755,19.6
2022-09-16 23:15:00+00:00,20.142670635203945,19.6
2022-09-16 23:20:00+00:00,20.142922948170163,19.6
2022-09-16 23:25:00+00:00,20.143175231139768,19.6
2022-09-16 23:30:00+00:00,20.14342748411633,19.6
2022-09-16 23:35:00+00:00,20.14367970710341,19.6
2022-09-16 23:40:00+00:00,20.143931900104576,19.6
2022-09-16 23:45:00+00:00,20.144184063123394,19.6
2022-09-16 23:50:00+00:00,20.144436196163426,19.6
2022-09-16 23:55:00+00:00,20.14468829922824,19.6
2022-09-17 00:00:00+00:00,20.144940372321393,19.6
2022-09-17 00:05:00+00:00,20.145192415446456,19.6
2022-09-17 00:10:00+00:00,20.145444428606986,19.6
2022-09-17 00:15:00+00:00,20.145696411806547,19.6
2022-09-17 00:20:00+00:00,20.1459483650487,19.6
2022-09-17 00:25:00+00:00,20.14620028833701,19.6
2022-09-17 00:30:00+00:00,20.146452181675034,19.6
2022-09-17 00:35:00+00:00,20.146704045066336,19.6
2022-09-17 00:40:00+00:00,20.146955878514476,19.6
2022-09-17 00:45:00+00:00,20.147207682023012,19.6
2022-09-17 00:50:00+00:00,20.147459455595502,19.6
2022-09-17 00:55:00+00:00,20.14771119923551,19.6
2022-09-17 01:00:00+00:00,20.14796291294659,19.6
2022-09-17 01:05:00+00:00,20.148214596732302,19.6
2022-09-17 01:10:00+00:00,20.148466250596204,19.6
2022-09-17 01:15:00+00:00,20.148717874541852,19.6
2022-09-17 01:20:00+00:00,20.148969468572805,19.6
2022-09-17 01:25:00+00:00,20.149221032692616,19.6
2022-09-17 01:30:00+00:00,20.149472566904844,19.6
2022-09-17 01:35:00+00:00,20.149724071213047,19.6
2022-09-17 01:40:00+00:00,20.149975545620773,19.6
2022-09-17 01:45:00+00:00,20.150226990131582,19.6
2022-09-17 01:50:00+00:00,20.150478404749027,19.6
2022-09-17 01:55:00+00:00,20.150729789476664,19.6
2022-09-17 02:00:00+00:00,20.15098114431804,19.6
2022-09-17 02:05:00+00:00,20.151232469276717,19.6
2022-09-17 02:10:00+00:00,20.151483764356243,19.6
2022-09-17 02:15:00+00:00,20.151735029560168,19.6
2022-09-17 02:20:00+00:00,20.15198626489205,19.6
2022-09-17 02:25:00+00:00,20.15223747035543,19.6
2022-09-17 02:30:00+00:00,20.152488645953873,19.6
2022-09-17 02:35:00+00:00,20.15273979169092,19.6
2022-09-17 02:40:00+00:00,20.15299090757012,19.6
2022-09-17 02:45:00+00:00,20.153241993595028,19.6
2022-09-17 02:50:00+00:00,20.153493049769192,19.6
2022-09-17 02:55:00+00:00,20.15374407609616,19.6
2022-09-17 03:00:00+00:00,20.15399507257948,19.6
2022-09-17 03:05:00+00:00,20.154246039222702,19.6
2022-09-17 03:10:00+00:00,20.15449697602937,19.6
2022-09-17 03:15:00+00:00,20.154747883003033,19.6
2022-09-17 03:20:00+00:00,20.15499876014724,19.6
2022-09-17 03:25:00+00:00,20.155249607465535,19.6
2022-09-17 03:30:00+00:00,20.155500424961463,19.6
2022-09-17 03:35:00+00:00,20.15575121263857,19.6
2022-09-17 03:40:00+00:00,20.156001970500405,19.6
2022-09-17 03:45:00+00:00,20.156252698550507,19.6
2022-09-17 03:50:00+00:00,20.156503396792424,19.6
2022-09-17 03:55:00+00:00,20.1567540652297,19.6
2022-09-17 04:00:00+00:00,20.157004703865873,19.6
2022-09-17 04:05:00+00:00,20.15725531270449,19.6
2022-09-17 04:10:00+00:00,20.157505891749096,19.6
2022-09-17 04:15:00+00:00,20.15775644100323,19.6
2022-09-17 04:20:00+00:00,20.15800696047043,19.6
2022-09-17 04:25:00+00:00,20.158257450154245,19.6
2022-09-17 04:30:00+00:00,20.158507910058212,19.6
2022-09-17 04:35:00+00:00,20.15875834018587,19.6
2022-09-17 04:40:00+00:00,20.159008740540763,19.6
2022-09-17 04:45:00+00:00,20.159259111126424,19.6
2022-09-17 04:50:00+00:00,20.159509451946402,19.6
2022-09-17 04:55:00+00:00,20.159759763004228,19.6
2022-09-17 05:00:00+00:00,20.16001004430344,19.6
2022-09-17 05:05:00+00:00,20.16026029584758,19.6
2022-09-17 05:10:00+00:00,20.160510517640184,19.6
2022-09-17 05:15:00+00:00,20.16076070968479,19.6
2022-09-17 05:20:00+00:00,20.16101087198493,19.6
2022-09-17 05:25:00+00:00,20.161261004544148,19.6
2022-09-17 05:30:00+00:00,20.16151110736597,19.6
2022-09-17 05:35:00+00:00,20.161761180453944,19.6
2022-09-17 05:40:00+00:00,20.162011223811593,19.6
2022-09-17 05:45:00+00:00,20.162261237442458,19.6
2022-09-17 05:50:00+00:00,20.16251122135007,19.6
2022-09-17 05:55:00+00:00,20.162761175537963,19.6
2022-09-17 06:00:00+00:00,20.163011100009673,19.6
2022-09-17 06:05:00+00:00,20.163260994768734,19.6
2022-09-17 06:10:00+00:00,20.163510859818672,19.6
2022-09-17 06:15:00+00:00,20.163760695163024,19.6
2022-09-17 06:20:00+00:00,20.16401050080532,19.6
2022-09-17 06:25:00+00:00,20.16426027674909,19.6
2022-09-17 06:30:00+00:00,20.16451002299787,19.6
2022-09-17 06:35:00+00:00,20.164759739555183,19.6
2022-09-17 06:40:00+00:00,20.165009426424565,19.6
2022-09-17 06:45:00+00:00,20.16525908360954,19.6
2022-09-17 06:50:00+00:00,20.165508711113645,19.6
2022-09-17 06:55:00+00:00,20.1657583089404,19.6
2022-09-17 07:00:00+00:00,20.16600787709334,19.6
2022-09-17 07:05:00+00:00,20.166257415575984,19.6
2022-09-17 07:10:00+00:00,20.166506924391868,19.6
2022-09-17 07:15:00+00:00,20.166756403544518,19.6
2022-09-17 07:20:00+00:00,20.16700585303746,19.6
2022-09-17 07:25:00+00:00,20.167255272874215,19.6
2022-09-17 07:30:00+00:00,20.167504663058313,19.6
2022-09-17 07:35:00+00:00,20.167754023593282,19.6
2022-09-17 07:40:00+00:00,20.16800335448264,19.6
2022-09-17 07:45:00+00:00,20.168252655729916,19.6
2022-09-17 07:50:00+00:00,20.168501927338635,19.6
2022-09-17 07:55:00+00:00,20.16875116931232,19.6
2022-09-17 08:00:00+00:00,20.169000381654488,19.6
2022-09-17 08:05:00+00:00,20.16924956436867,19.6
2022-09-17 08:10:00+00:00,20.16949871745839,19.6
2022-09-17 08:15:00+00:00,20.169747840927158,19.6
2022-09-17 08:20:00+00:00,20.169996934778503,19.6
2022-09-17 08:25:00+00:00,20.17024599901595,19.6
2022-09-17 08:30:00+00:00,20.170495033643014,19.6
2022-09-17 08:35:00+00:00,20.170744038663216,19.6
2022-09-17 08:40:00+00:00,20.170993014080075,19.6
2022-09-17 08:45:00+00:00,20.171241959897117,19.6
2022-09-17 08:50:00+00:00,20.17149087611785,19.6
2022-09-17 08:55:00+00:00,20.171739762745805,19.6
2022-09-17 09:00:00+00:00,20.17198861978449,19.6
2022-09-17 09:05:00+00:00,20.17223744723743,19.6
2022-09-17 09:10:00+00:00,20.172486245108132,19.6
2022-09-17 09:15:00+00:00,20.17273501340013,19.6
2022-09-17 09:20:00+00:00,20.17298375211692,19.6
2022-09-17 09:25:00+00:00,20.173232461262035,19.6
2022-09-17 09:30:00+00:00,20.173481140838984,19.6
2022-09-17 09:35:00+00:00,20.17372979085128,19.6
2022-09-17 09:40:00+00:00,20.173978411302443,19.6
2022-09-17 09:45:00+00:00,20.174227002195984,19.6
2022-09-17 09:50:00+00:00,20.174475563535417,19.6
2022-09-17 09:55:00+00:00,20.174724095324255,19.6
2022-09-17 10:00:00+00:00,20.174972597566015,19.6
2022-09-17 10:05:00+00:00,20.175221070264204,19.6
2022-09-17 10:10:00+00:00,20.175469513422343,19.6
2022-09-17 10:15:00+00:00,20.175717927043934,19.6
2022-09-17 10:20:00+00:00,20.17596631113249,19.6
2022-09-17 10:25:00+00:00,20.176214665691532,19.6
2022-09-17 10:30:00+00:00,20.176462990724563,19.6
2022-09-17 10:35:00+00:00,20.17671128623509,19.6
2022-09-17 10:40:00+00:00,20.17695955222663,19.6
2022-09-17 10:45:00+00:00,20.177207788702688,19.6
2022-09-17 10:50:00+00:00,20.177455995666776,19.6
2022-09-17 10:55:00+00:00,20.177704173122397,19.6
2022-09-17 11:00:00+00:00,20.177952321073064,19.6
2022-09-17 11:05:00+00:00,20.178200439522286,19.6
2022-09-17 11:10:00+00:00,20.178448528473567,19.6
2022-09-17 11:15:00+00:00,20.178696587930414,19.6
2022-09-17 11:20:00+00:00,20.178944617896335,19.6
2022-09-17 11:25:00+00:00,20.179192618374834,19.6
2022-09-17 11:30:00+00:00,20.17944058936942,19.6
2022-09-17 11:35:00+00:00,20.1796885308836,19.6
2022-09-17 11:40:00+00:00,20.17993644292087,19.6
2022-09-17 11:45:00+00:00,20.18018432548474,19.6
2022-09-17 11:50:00+00:00,20.180432178578716,19.6
2022-09-17 11:55:00+00:00,20.180680002206294,19.6
2022-09-17 12:00:00+00:00,20.180927796370987,19.6
2022-09-17 12:05:00+00:00,20.181175561076294,19.6
2022-09-17 12:10:00+00:00,20.181423296325715,19.6
2022-09-17 12:15:00+00:00,20.18167100212275,19.6
2022-09-17 12:20:00+00:00,20.181918678470907,19.6
2022-09-17 12:25:00+00:00,20.182166325373686,19.6
2022-09-17 12:30:00+00:00,20.182413942834582,19.6
2022-09-17 12:35:00+00:00,20.1826615308571,19.6
2022-09-17 12:40:00+00:00,20.18290908944474,19.6
2022-09-17 12:45:00+00:00,20.183156618600997,19.6
2022-09-17 12:50:00+00:00,20.183404118329374,19.6
2022-09-17 12:55:00+00:00,20.183651588633367,19.6
2022-09-17 13:00:00+00:00,20.18389902951648,19.6
2022-09-17 13:05:00+00:00,20.184146440982204,19.6
2022-09-17 13:10:00+00:00,20.18439382303404,19.6
2022-09-17 13:15:00+00:00,20.18464117567548,19.6
2022-09-17 13:20:00+00:00,20.184888498910027,19.6
2022-09-17 13:25:00+00:00,20.185135792741175,19.6
2022-09-17 13:30:00+00:00,20.18538305717242,19.6
2022-09-17 13:35:00+00:00,20.185630292207254,19.6
2022-09-17 13:40:00+00:00,20.185877497849173,19.6
2022-09-17 13:45:00+00:00,20.186124674101674,19.6
2022-09-17 13:50:00+00:00,20.18637182096825,19.6
2022-09-17 13:55:00+00:00,20.186618938452394,19.6
2022-09-17 14:00:00+00:00,20.1868660265576,19.6
2022-09-17 14:05:00+00:00,20.187113085287358,19.6
2022-09-17 14:10:00+00:00,20.187360114645163,19.6
2022-09-17 14:15:00+00:00,20.187607114634506,19.6
2022-09-17 14:20:00+00:00,20.18785408525888,19.6
2022-09-17 14:25:00+00:00,20.188101026521775,19.6
2022-09-17 14:30:00+00:00,20.18834793842668,19.6
2022-09-17 14:35:00+00:00,20.188594820977087,19.6
2022-09-17 14:40:00+00:00,20.188841674176487,19.6
2022-09-17 14:45:00+00:00,20.18908849802837,19.6
2022-09-17 14:50:00+00:00,20.18933529253622,19.6
2022-09-17 14:55:00+00:00,20.18958205770353,19.6
2022-09-17 15:00:00+00:00,20.189828793533785,19.6
2022-09-17 15:05:00+00:00,20.190075500030478,19.6
2022-09-17 15:10:00+00:00,20.19032217719709,19.6
2022-09-17 15:15:00+00:00,20.190568825037115,19.6
2022-09-17 15:20:00+00:00,20.190815443554033,19.6
2022-09-17 15:25:00+00:00,20.191062032751333,19.6
2022-09-17 15:30:00+00:00,20.1913085926325,19.6
2022-09-17 15:35:00+00:00,20.19155512320102,19.6
2022-09-17 15:40:00+00:00,20.19180162446038,19.6
2022-09-17 15:45:00+00:00,20.19204809641406,19.6
2022-09-17 15:50:00+00:00,20.192294539065543,19.6
2022-09-17 15:55:00+00:00,20.19254095241832,19.6
2022-09-17 16:00:00+00:00,20.19278733647587,19.6
2022-09-17 16:05:00+00:00,20.193033691241673,19.6
2022-09-17 16:10:00+00:00,20.193280016719218,19.6
2022-09-17 16:15:00+00:00,20.19352631291198,19.6
2022-09-17 16:20:00+00:00,20.193772579823445,19.6
2022-09-17 16:25:00+00:00,20.194018817457092,19.6
2022-09-17 16:30:00+00:00,20.194265025816406,19.6
2022-09-17 16:35:00+00:00,20.19451120490486,19.6
2022-09-17 16:40:00+00:00,20.19475735472594,19.6
2022-09-17 16:45:00+00:00,20.195003475283123,19.6
2022-09-17 16:50:00+00:00,20.19524956657989,19.6
2022-09-17 16:55:00+00:00,20.195495628619714,19.6
2022-09-17 17:00:00+00:00,20.19574166140608,19.6
2022-09-17 17:05:00+00:00,20.195987664942464,19.6
2022-09-17 17:10:00+00:00,20.19623363923234,19.6
2022-09-17 17:15:00+00:00,20.19647958427919,19.6
2022-09-17 17:20:00+00:00,20.196725500086487,19.6
2022-09-17 17:25:00+00:00,20.196971386657708,19.6
2022-09-17 17:30:00+00:00,20.19721724399633,19.6
2022-09-17 17:35:00+00:00,20.197463072105826,19.6
2022-09-17 17:40:00+00:00,20.197708870989675,19.6
2022-09-17 17:45:00+00:00,20.19795464065135,19.6
2022-09-17 17:50:00+00:00,20.19820038109432,19.6
2022-09-17 17:55:00+00:00,20.198446092322065,19.6
2022-09-17 18:00:00+00:00,20.19869177433806,19.6
2022-09-17 18:05:00+00:00,20.19893742714577,19.6
2022-09-17 18:10:00+00:00,20.199183050748672,19.6
2022-09-17 18:15:00+00:00,20.19942864515024,19.6
2022-09-17 18:20:00+00:00,20.19967421035394,19.6
2022-09-17 18:25:00+00:00,20.199919746363246,19.6
2022-09-17 18:30:00+00:00,20.20016525318163,19.6
2022-09-17 18:35:00+00:00,20.200410730812564,19.6
2022-09-17 18:40:00+00:00,20.200656179259514,19.6
2022-09-17 18:45:00+00:00,20.200901598525952,19.6
2022-09-17 18:50:00+00:00,20.201146988615346,19.6
2022-09-17 18:55:00+00:00,20.201392349531165,19.6
2022-09-17 19:00:00+00:00,20.20163768127688,19.6
2022-09-17 19:05:00+00:00,20.201882983855953,19.6
2022-09-17 19:10:00+00:00,20.20212825727186,19.6
2022-09-17 19:15:00+00:00,20.202373501528058,19.6
2022-09-17 19:20:00+00:00,20.20261871662802,19.6
2022-09-17 19:25:00+00:00,20.20286390257521,19.6
2022-09-17 19:30:00+00:00,20.203109059373098,19.6
2022-09-17 19:35:00+00:00,20.203354187025145,19.6
2022-09-17 19:40:00+00:00,20.203599285534818,19.6
2022-09-17 19:45:00+00:00,20.20384435490558,19.6
2022-09-17 19:50:00+00:00,20.204089395140898,19.6
2022-09-17 19:55:00+00:00,20.204334406244232,19.6
2022-09-17 20:00:00+00:00,20.20457938821905,19.6
2022-09-17 20:05:00+00:00,20.20482434106881,19.6
2022-09-17 20:10:00+00:00,20.20506926479698,19.6
2022-09-17 20:15:00+00:00,20.205314159407017,19.6
2022-09-17 20:20:00+00:00,20.205559024902385,19.6
2022-09-17 20:25:00+00:00,20.205803861286547,19.6
2022-09-17 20:30:00+00:00,20.20604866856296,19.6
2022-09-17 20:35:00+00:00,20.20629344673509,19.6
2022-09-17 20:40:00+00:00,20.20653819580639,19.6
2022-09-17 20:45:00+00:00,20.206782915780327,19.6
2022-09-17 20:50:00+00:00,20.207027606660354,19.6
2022-09-17 20:55:00+00:00,20.207272268449934,19.6
2022-09-17 21:00:00+00:00,20.207516901152527,19.6
2022-09-17 21:05:00+00:00,20.207761504771586,19.6
2022-09-17 21:10:00+00:00,20.20800607931057,19.6
2022-09-17 21:15:00+00:00,20.20825062477294,19.6
2022-09-17 21:20:00+00:00,20.208495141162146,19.6
2022-09-17 21:25:00+00:00,20.208739628481652,19.6
2022-09-17 21:30:00+00:00,20.208984086734908,19.6
2022-09-17 21:35:00+00:00,20.209228515925375,19.6
2022-09-17 21:40:00+00:00,20.2094729160565,19.6
2022-09-17 21:45:00+00:00,20.20971728713175,19.6
2022-09-17 21:50:00+00:00,20.209961629154567,19.6
2022-09-17 21:55:00+00:00,20.21020594212841,19.6
2022-09-17 22:00:00+00:00,20.210450226056736,19.6
2022-09-17 22:05:00+00:00,20.210694480942994,19.6
2022-09-17 22:10:00+00:00,20.210938706790635,19.6
2022-09-17 22:15:00+00:00,20.211182903603117,19.6
2022-09-17 22:20:00+00:00,20.211427071383888,19.6
2022-09-17 22:25:00+00:00,20.2116712101364,19.6
2022-09-17 22:30:00+00:00,20.211915319864104,19.6
2022-09-17 22:35:00+00:00,20.21215940057045,19.6
2022-09-17 22:40:00+00:00,20.21240345225889,19.6
2022-09-17 22:45:00+00:00,20.212647474932876,19.6
2022-09-17 22:50:00+00:00,20.21289146859585,19.6
2022-09-17 22:55:00+00:00,20.213135433251267,19.6
2022-09-17 23:00:00+00:00,20.213379368902576,19.6
2022-09-17 23:05:00+00:00,20.21362327555322,19.6
2022-09-17 23:10:00+00:00,20.213867153206653,19.6
2022-09-17 23:15:00+00:00,20.214111001866318,19.6
2022-09-17 23:20:00+00:00,20.214354821535665,19.6
2022-09-17 23:25:00+00:00,20.214598612218136,19.6
2022-09-17 23:30:00+00:00,20.214842373917183,19.6
2022-09-17 23:35:00+00:00,20.21508610663625,19.6
2022-09-17 23:40:00+00:00,20.215329810378776,19.6
2022-09-17 23:45:00+00:00,20.215573485148216,19.6
2022-09-17 23:50:00+00:00,20.215817130948007,19.6
2022-09-17 23:55:00+00:00,20.216060747781597,19.6
2022-09-18 00:00:00+00:00,20.216304335652428,19.6
2022-09-18 00:05:00+00:00,20.216547894563945,19.6
2022-09-18 00:10:00+00:00,20.216791424519588,19.6
2022-09-18 00:15:00+00:00,20.217034925522803,19.6
2022-09-18 00:20:00+00:00,20.217278397577026,19.6
2022-09-18 00:25:00+00:00,20.217521840685706,19.6
2022-09-18 00:30:00+00:00,20.21776525485228,19.6
2022-09-18 00:35:00+00:00,20.218008640080193,19.6
2022-09-18 00:40:00+00:00,20.218251996372878,19.6
2022-09-18 00:45:00+00:00,20.21849532373378,19.6
2022-09-18 00:50:00+00:00,20.218738622166338,19.6
2022-09-18 00:55:00+00:00,20.21898189167399,19.6
2022-09-18 01:00:00+00:00,20.21922513226018,19.6
2022-09-18 01:05:00+00:00,20.21946834392834,19.6
2022-09-18 01:10:00+00:00,20.21971152668191,19.6
2022-09-18 01:15:00+00:00,20.219954680524328,19.6
2022-09-18 01:20:00+00:00,20.22019780545903,19.6
2022-09-18 01:25:00+00:00,20.220440901489454,19.6
2022-09-18 01:30:00+00:00,20.220683968619035,19.6
2022-09-18 01:35:00+00:00,20.220927006851213,19.6
2022-09-18 01:40:00+00:00,20.221170016189415,19.6
2022-09-18 01:45:00+00:00,20.221412996637085,19.6
2022-09-18 01:50:00+00:00,20.221655948197654,19.6
2022-09-18 01:55:00+00:00,20.221898870874558,19.6
2022-09-18 02:00:00+00:00,20.222141764671225,19.6
2022-09-18 02:05:00+00:00,20.222384629591097,19.6
2022-09-18 02:10:00+00:00,20.2226274656376,19.6
2022-09-18 02:15:00+00:00,20.22287027281417,19.6
2022-09-18 02:20:00+00:00,20.22311305112424,19.6
2022-09-18 02:25:00+00:00,20.22335580057124,19.6
2022-09-18 02:30:00+00:00,20.223598521158603,19.6
2022-09-18 02:35:00+00:00,20.22384121288976,19.6
2022-09-18 02:40:00+00:00,20.224083875768137,19.6
2022-09-18 02:45:00+00:00,20.22432650979717,19.6
2022-09-18 02:50:00+00:00,20.224569114980284,19.6
2022-09-18 02:55:00+00:00,20.224811691320916,19.6
2022-09-18 03:00:00+00:00,20.225054238822487,19.6
2022-09-18 03:05:00+00:00,20.225296757488426,19.6
2022-09-18 03:10:00+00:00,20.225539247322168,19.6
2022-09-18 03:15:00+00:00,20.225781708327137,19.6
2022-09-18 03:20:00+00:00,20.226024140506755,19.6
2022-09-18 03:25:00+00:00,20.226266543864458,19.6
2022-09-18 03:30:00+00:00,20.226508918403667,19.6
2022-09-18 03:35:00+00:00,20.226751264127813,19.6
2022-09-18 03:40:00+00:00,20.22699358104031,19.6
2022-09-18 03:45:00+00:00,20.2272358691446,19.6
2022-09-18 03:50:00+00:00,20.227478128444098,19.6
2022-09-18 03:55:00+00:00,20.227720358942225,19.6
2022-09-18 04:00:00+00:00,20.227962560642414,19.6
2022-09-18 04:05:00+00:00,20.228204733548083,19.6
2022-09-18 04:10:00+00:00,20.22844687766266,19.6
2022-09-18 04:15:00+00:00,20.22868899298956,19.6
2022-09-18 04:20:00+00:00,20.228931079532217,19.6
2022-09-18 04:25:00+00:00,20.22917313729404,19.6
2022-09-18 04:30:00+00:00,20.22941516627846,19.6
2022-09-18 04:35:00+00:00,20.229657166488895,19.6
2022-09-18 04:40:00+00:00,20.229899137928765,19.6
2022-09-18 04:45:00+00:00,20.230141080601495,19.6
2022-09-18 04:50:00+00:00,20.2303829945105,19.6
2022-09-18 04:55:00+00:00,20.2306248796592,19.6
2022-09-18 05:00:00+00:00,20.230866736051013,19.6
2022-09-18 05:05:00+00:00,20.231108563689364,19.6
2022-09-18 05:10:00+00:00,20.23135036257767,19.6
2022-09-18 05:15:00+00:00,20.231592132719342,19.6
2022-09-18 05:20:00+00:00,20.231833874117804,19.6
2022-09-18 05:25:00+00:00,20.23207558677647,19.6
2022-09-18 05:30:00+00:00,20.232317270698758,19.6
2022-09-18 05:35:00+00:00,20.232558925888085,19.6
2022-09-18 05:40:00+00:00,20.232800552347868,19.6
2022-09-18 05:45:00+00:00,20.233042150081523,19.6
2022-09-18 05:50:00+00:00,20.23328371909246,19.6
2022-09-18 05:55:00+00:00,20.2335252593841,19.6
2022-09-18 06:00:00+00:00,20.23376677095985,19.6
2022-09-18 06:05:00+00:00,20.234008253823127,19.6
2022-09-18 06:10:00+00:00,20.23424970797735,19.6
2022-09-18 06:15:00+00:00,20.234491133425927,19.6
2022-09-18 06:20:00+00:00,20.234732530172273,19.6
2022-09-18 06:25:00+00:00,20.234973898219796,19.6
2022-09-18 06:30:00+00:00,20.235215237571914,19.6
2022-09-18 06:35:00+00:00,20.235456548232033,19.6
2022-09-18 06:40:00+00:00,20.235697830203566,19.6
2022-09-18 06:45:00+00:00,20.235939083489924,19.6
2022-09-18 06:50:00+00:00,20.236180308094518,19.6
2022-09-18 06:55:00+00:00,20.236421504020758,19.6
2022-09-18 07:00:00+00:00,20.236662671272054,19.6
2022-09-18 07:05:00+00:00,20.23690380985181,19.6
2022-09-18 07:10:00+00:00,20.23714491976344,19.6
2022-09-18 07:15:00+00:00,20.237386001010353,19.6
2022-09-18 07:20:00+00:00,20.23762705359595,19.6
2022-09-18 07:25:00+00:00,20.237868077523647,19.6
2022-09-18 07:30:00+00:00,20.238109072796846,19.6
2022-09-18 07:35:00+00:00,20.238350039418954,19.6
2022-09-18 07:40:00+00:00,20.23859097739338,19.6
2022-09-18 07:45:00+00:00,20.238831886723524,19.6
2022-09-18 07:50:00+00:00,20.239072767412797,19.6
2022-09-18 07:55:00+00:00,20.239313619464603,19.6
2022-09-18 08:00:00+00:00,20.239554442882344,19.6
2022-09-18 08:05:00+00:00,20.239795237669426,19.6
2022-09-18 08:10:00+00:00,20.240036003829253,19.6
2022-09-18 08:15:00+00:00,20.24027674136523,19.6
2022-09-18 08:20:00+00:00,20.240517450280755,19.6
2022-09-18 08:25:00+00:00,20.240758130579238,19.6
2022-09-18 08:30:00+00:00,20.240998782264075,19.6
2022-09-18 08:35:00+00:00,20.241239405338668,19.6
2022-09-18 08:40:00+00:00,20.24147999980642,19.6
2022-09-18 08:45:00+00:00,20.241720565670732,19.6
2022-09-18 08:50:00+00:00,20.241961102935008,19.6
2022-09-18 08:55:00+00:00,20.242201611602642,19.6
2022-09-18 09:00:00+00:00,20.242442091677038,19.6
2022-09-18 09:05:00+00:00,20.242682543161592,19.6
2022-09-18 09:10:00+00:00,20.242922966059705,19.6
2022-09-18 09:15:00+00:00,20.243163360374776,19.6
2022-09-18 09:20:00+00:00,20.243403726110202,19.6
2022-09-18 09:25:00+00:00,20.243644063269382,19.6
2022-09-18 09:30:00+00:00,20.243884371855714,19.6
2022-09-18 09:35:00+00:00,20.24412465187259,19.6
2022-09-18 09:40:00+00:00,20.24436490332341,19.6
2022-09-18 09:45:00+00:00,20.244605126211574,19.6
2022-09-18 09:50:00+00:00,20.24484532054047,19.6
2022-09-18 09:55:00+00:00,20.2450854863135,19.6
2022-09-18 10:00:00+00:00,20.245325623534054,19.6
2022-09-18 10:05:00+00:00,20.245565732205527,19.6
2022-09-18 10:10:00+00:00,20.24580581233132,19.6
2022-09-18 10:15:00+00:00,20.24604586391482,19.6
2022-09-18 10:20:00+00:00,20.246285886959416,19.6
2022-09-18 10:25:00+00:00,20.24652588146851,19.6
2022-09-18 10:30:00+00:00,20.246765847445495,19.6
2022-09-18 10:35:00+00:00,20.247005784893755,19.6
2022-09-18 10:40:00+00:00,20.247245693816684,19.6
2022-09-18 10:45:00+00:00,20.247485574217677,19.6
2022-09-18 10:50:00+00:00,20.247725426100125,19.6
2022-09-18 10:55:00+00:00,20.247965249467413,19.6
2022-09-18 11:00:00+00:00,20.248205044322937,19.6
2022-09-18 11:05:00+00:00,20.248444810670083,19.6
2022-09-18 11:10:00+00:00,20.248684548512244,19.6
2022-09-18 11:15:00+00:00,20.248924257852803,19.6
2022-09-18 11:20:00+00:00,20.24916393869515,19.6
2022-09-18 11:25:00+00:00,20.24940359104268,19.6
2022-09-18 11:30:00+00:00,20.24964321489877,19.6
2022-09-18 11:35:00+00:00,20.24988281026682,19.6
2022-09-18 11:40:00+00:00,20.250122377150202,19.6
2022-09-18 11:45:00+00:00,20.250361915552315,19.6
2022-09-18 11:50:00+00:00,20.250601425476535,19.6
2022-09-18 11:55:00+00:00,20.250840906926257,19.6
2022-09-18 12:00:00+00:00,20.25108035990486,19.6
2022-09-18 12:05:00+00:00,20.25131978441573,19.6
2022-09-18 12:10:00+00:00,20.251559180462255,19.6
2022-09-18 12:15:00+00:00,20.251798548047816,19.6
2022-09-18 12:20:00+00:00,20.252037887175796,19.6
2022-09-18 12:25:00+00:00,20.252277197849576,19.6
2022-09-18 12:30:00+00:00,20.252516480072543,19.6
2022-09-18 12:35:00+00:00,20.25275573384808,19.6
2022-09-18 12:40:00+00:00,20.252994959179567,19.6
2022-09-18 12:45:00+00:00,20.253234156070384,19.6
2022-09-18 12:50:00+00:00,20.253473324523917,19.6
2022-09-18 12:55:00+00:00,20.25371246454354,19.6
2022-09-18 13:00:00+00:00,20.253951576132643,19.6
2022-09-18 13:05:00+00:00,20.254190659294597,19.6
2022-09-18 13:10:00+00:00,20.25442971403278,19.6
2022-09-18 13:15:00+00:00,20.254668740350585,19.6
2022-09-18 13:20:00+00:00,20.254907738251376,19.6
2022-09-18 13:25:00+00:00,20.25514670773854,19.6
2022-09-18 13:30:00+00:00,20.25538564881545,19.6
2022-09-18 13:35:00+00:00,20.25562456148549,19.6
2022-09-18 13:40:00+00:00,20.25586344575203,19.6
2022-09-18 13:45:00+00:00,20.25610230161845,19.6
2022-09-18 13:50:00+00:00,20.256341129088128,19.6
2022-09-18 13:55:00+00:00,20.256579928164435,19.6
2022-09-18 14:00:00+00:00,20.25681869885075,19.6
2022-09-18 14:05:00+00:00,20.25705744115045,19.6
2022-09-18 14:10:00+00:00,20.25729615506691,19.6
2022-09-18 14:15:00+00:00,20.2575348406035,19.6
2022-09-18 14:20:00+00:00,20.257773497763594,19.6
2022-09-18 14:25:00+00:00,20.25801212655057,19.6
2022-09-18 14:30:00+00:00,20.258250726967802,19.6
2022-09-18 14:35:00+00:00,20.258489299018656,19.6
2022-09-18 14:40:00+00:00,20.25872784270651,19.6
2022-09-18 14:45:00+00:00,20.25896635803473,19.6
2022-09-18 14:50:00+00:00,20.259204845006696,19.6
2022-09-18 14:55:00+00:00,20.259443303625773,19.6
2022-09-18 15:00:00+00:00,20.259681733895334,19.6
2022-09-18 15:05:00+00:00,20.25992013581875,19.6
2022-09-18 15:10:00+00:00,20.26015850939939,19.6
2022-09-18 15:15:00+00:00,20.26039685464062,19.6
2022-09-18 15:20:00+00:00,20.260635171545815,19.6
2022-09-18 15:25:00+00:00,20.260873460118344,19.6
2022-09-18 15:30:00+00:00,20.26111172036157,19.6
2022-09-18 15:35:00+00:00,20.261349952278863,19.6
2022-09-18 15:40:00+00:00,20.261588155873596,19.6
2022-09-18 15:45:00+00:00,20.261826331149127,19.6
2022-09-18 15:50:00+00:00,20.26206447810883,19.6
2022-09-18 15:55:00+00:00,20.262302596756065,19.6
2022-09-18 16:00:00+00:00,20.262540687094205,19.6
2022-09-18 16:05:00+00:00,20.26277874912661,19.6
2022-09-18 16:10:00+00:00,20.263016782856653,19.6
2022-09-18 16:15:00+00:00,20.26325478828769,19.6
2022-09-18 16:20:00+00:00,20.263492765423088,19.6
2022-09-18 16:25:00+00:00,20.26373071426621,19.6
2022-09-18 16:30:00+00:00,20.263968634820422,19.6
2022-09-18 16:35:00+00:00,20.264206527089087,19.6
2022-09-18 16:40:00+00:00,20.264444391075568,19.6
2022-09-18 16:45:00+00:00,20.264682226783226,19.6
2022-09-18 16:50:00+00:00,20.26492003421542,19.6
2022-09-18 16:55:00+00:00,20.26515781337552,19.6
2022-09-18 17:00:00+00:00,20.265395564266882,19.6
2022-09-18 17:05:00+00:00,20.265633286892864,19.6
2022-09-18 17:10:00+00:00,20.26587098125683,19.6
2022-09-18 17:15:00+00:00,20.266108647362138,19.6
2022-09-18 17:20:00+00:00,20.26634628521215,19.6
2022-09-18 17:25:00+00:00,20.266583894810225,19.6
2022-09-18 17:30:00+00:00,20.26682147615972,19.6
2022-09-18 17:35:00+00:00,20.267059029263997,19.6
2022-09-18 17:40:00+00:00,20.267296554126407,19.6
2022-09-18 17:45:00+00:00,20.267534050750314,19.6
2022-09-18 17:50:00+00:00,20.26777151913907,19.6
2022-09-18 17:55:00+00:00,20.26800895929604,19.6
2022-09-18 18:00:00+00:00,20.26824637122457,19.6
2022-09-18 18:05:00+00:00,20.268483754928024,19.6
2022-09-18 18:10:00+00:00,20.268721110409754,19.6
2022-09-18 18:15:00+00:00,20.268958437673113,19.6
2022-09-18 18:20:00+00:00,20.26919573672146,19.6
2022-09-18 18:25:00+00:00,20.269433007558153,19.6
2022-09-18 18:30:00+00:00,20.269670250186536,19.6
2022-09-18 18:35:00+00:00,20.269907464609968,19.6
2022-09-18 18:40:00+00:00,20.270144650831803,19.6
2022-09-18 18:45:00+00:00,20.27038180885539,19.6
2022-09-18 18:50:00+00:00,20.270618938684088,19.6
2022-09-18 18:55:00+00:00,20.27085604032124,19.6
2022-09-18 19:00:00+00:00,20.271093113770206,19.6
2022-09-18 19:05:00+00:00,20.27133015903433,19.6
2022-09-18 19:10:00+00:00,20.27156717611697,19.6
2022-09-18 19:15:00+00:00,20.271804165021475,19.6
2022-09-18 19:20:00+00:00,20.27204112575119,19.6
2022-09-18 19:25:00+00:00,20.272278058309467,19.6
2022-09-18 19:30:00+00:00,20.272514962699656,19.6
2022-09-18 19:35:00+00:00,20.272751838925107,19.6
2022-09-18 19:40:00+00:00,20.272988686989166,19.6
2022-09-18 19:45:00+00:00,20.27322550689518,19.6
2022-09-18 19:50:00+00:00,20.2734622986465,19.6
2022-09-18 19:55:00+00:00,20.27369906224647,19.6
2022-09-18 20:00:00+00:00,20.273935797698442,19.6
2022-09-18 20:05:00+00:00,20.274172505005758,19.6
2022-09-18 20:10:00+00:00,20.274409184171766,19.6
2022-09-18 20:15:00+00:00,20.274645835199806,19.6
2022-09-18 20:20:00+00:00,20.27488245809323,19.6
2022-09-18 20:25:00+00:00,20.275119052855384,19.6
2022-09-18 20:30:00+00:00,20.27535561948961,19.6
2022-09-18 20:35:00+00:00,20.275592157999245,19.6
2022-09-18 20:40:00+00:00,20.27582866838764,19.6
2022-09-18 20:45:00+00:00,20.27606515065814,19.6
2022-09-18 20:50:00+00:00,20.276301604814083,19.6
2022-09-18 20:55:00+00:00,20.276538030858813,19.6
2022-09-18 21:00:00+00:00,20.276774428795676,19.6
2022-09-18 21:05:00+00:00,20.277010798628005,19.6
2022-09-18 21:10:00+00:00,20.27724714035915,19.6
2022-09-18 21:15:00+00:00,20.277483453992446,19.6
2022-09-18 21:20:00+00:00,20.277719739531236,19.6
2022-09-18 21:25:00+00:00,20.27795599697886,19.6
2022-09-18 21:30:00+00:00,20.278192226338657,19.6
2022-09-18 21:35:00+00:00,20.278428427613967,19.6
2022-09-18 21:40:00+00:00,20.278664600808128,19.6
2022-09-18 21:45:00+00:00,20.278900745924478,19.6
2022-09-18 21:50:00+00:00,20.279136862966357,19.6
2022-09-18 21:55:00+00:00,20.279372951937102,19.6
2022-09-18 22:00:00+00:00,20.279609012840048,19.6
2022-09-18 22:05:00+00:00,20.279845045678535,19.6
2022-09-18 22:10:00+00:00,20.280081050455898,19.6
2022-09-18 22:15:00+00:00,20.280317027175474,19.6
2022-09-18 22:20:00+00:00,20.280552975840596,19.6
2022-09-18 22:25:00+00:00,20.280788896454602,19.6
2022-09-18 22:30:00+00:00,20.28102478902083,19.6
2022-09-18 22:35:00+00:00,20.281260653542606,19.6
2022-09-18 22:40:00+00:00,20.281496490023272,19.6
2022-09-18 22:45:00+00:00,20.281732298466157,19.6
2022-09-18 22:50:00+00:00,20.281968078874595,19.6
2022-09-18 22:55:00+00:00,20.28220383125192,19.6
2022-09-18 23:00:00+00:00,20.282439555601467,19.6
2022-09-18 23:05:00+00:00,20.282675251926563,19.6
2022-09-18 23:10:00+00:00,20.28291092023054,19.6
2022-09-18 23:15:00+00:00,20.283146560516737,19.6
2022-09-18 23:20:00+00:00,20.283382172788478,19.6
2022-09-18 23:25:00+00:00,20.283617757049093,19.6
2022-09-18 23:30:00+00:00,20.283853313301915,19.6
2022-09-18 23:35:00+00:00,20.284088841550275,19.6
2022-09-18 23:40:00+00:00,20.284324341797497,19.6
2022-09-18 23:45:00+00:00,20.284559814046915,19.6
2022-09-18 23:50:00+00:00,20.284795258301855,19.6
2022-09-18 23:55:00+00:00,20.285030674565647,19.6
2022-09-19 00:00:00+00:00,20.285266062841615,19.6
2022-09-19 00:05:00+00:00,20.28550142313309,19.6
2022-09-19 00:10:00+00:00,20.2857367554434,19.6
2022-09-19 00:15:00+00:00,20.28597205977587,19.6
2022-09-19 00:20:00+00:00,20.28620733613382,19.6
2022-09-19 00:25:00+00:00,20.286442584520586,19.6
2022-09-19 00:30:00+00:00,20.28667780493949,19.6
2022-09-19 00:35:00+00:00,20.286912997393856,19.6
2022-09-19 00:40:00+00:00,20.287148161887007,19.6
2022-09-19 00:45:00+00:00,20.28738329842227,19.6
2022-09-19 00:50:00+00:00,20.287618407002967,19.6
2022-09-19 00:55:00+00:00,20.28785348763242,19.6
2022-09-19 01:00:00+00:00,20.288088540313957,19.6
2022-09-19 01:05:00+00:00,20.288323565050895,19.6
2022-09-19 01:10:00+00:00,20.288558561846564,19.6
2022-09-19 01:15:00+00:00,20.288793530704275,19.6
2022-09-19 01:20:00+00:00,20.289028471627358,19.6
2022-09-19 01:25:00+00:00,20.289263384619133,19.6
2022-09-19 01:30:00+00:00,20.289498269682916,19.6
2022-09-19 01:35:00+00:00,20.28973312682203,19.6
2022-09-19 01:40:00+00:00,20.289967956039796,19.6
2022-09-19 01:45:00+00:00,20.290202757339532,19.6
2022-09-19 01:50:00+00:00,20.29043753072456,19.6
2022-09-19 01:55:00+00:00,20.290672276198194,19.6
2022-09-19 02:00:00+00:00,20.290906993763755,19.6
2022-09-19 02:05:00+00:00,20.291141683424563,19.6
2022-09-19 02:10:00+00:00,20.291376345183927,19.6
2022-09-19 02:15:00+00:00,20.291610979045174,19.6
2022-09-19 02:20:00+00:00,20.291845585011618,19.6
2022-09-19 02:25:00+00:00,20.292080163086574,19.6
2022-09-19 02:30:00+00:00,20.292314713273356,19.6
2022-09-19 02:35:00+00:00,20.292549235575283,19.6
2022-09-19 02:40:00+00:00,20.29278372999567,19.6
2022-09-19 02:45:00+00:00,20.293018196537826,19.6
2022-09-19 02:50:00+00:00,20.29325263520507,19.6
2022-09-19 02:55:00+00:00,20.29348704600072,19.6
2022-09-19 03:00:00+00:00,20.293721428928084,19.6
2022-09-19 03:05:00+00:00,20.293955783990477,19.6
2022-09-19 03:10:00+00:00,20.29419011119121,19.6
2022-09-19 03:15:00+00:00,20.294424410533594,19.6
2022-09-19 03:20:00+00:00,20.29465868202095,19.6
2022-09-19 03:25:00+00:00,20.294892925656576,19.6
2022-09-19 03:30:00+00:00,20.295127141443796,19.6
2022-09-19 03:35:00+00:00,20.295361329385912,19.6
2022-09-19 03:40:00+00:00,20.29559548948624,19.6
2022-09-19 03:45:00+00:00,20.295829621748084,19.6
2022-09-19 03:50:00+00:00,20.29606372617476,19.6
2022-09-19 03:55:00+00:00,20.296297802769573,19.6
2022-09-19 04:00:00+00:00,20.296531851535836,19.6
2022-09-19 04:05:00+00:00,20.29676587247685,19.6
2022-09-19 04:10:00+00:00,20.296999865595932,19.6
2022-09-19 04:15:00+00:00,20.297233830896385,19.6
2022-09-19 04:20:00+00:00,20.297467768381516,19.6
2022-09-19 04:25:00+00:00,20.297701678054633,19.6
2022-09-19 04:30:00+00:00,20.29793555991904,19.6
2022-09-19 04:35:00+00:00,20.298169413978044,19.6
2022-09-19 04:40:00+00:00,20.298403240234954,19.6
2022-09-19 04:45:00+00:00,20.298637038693077,19.6
2022-09-19 04:50:00+00:00,20.29887080935571,19.6
2022-09-19 04:55:00+00:00,20.29910455222616,19.6
2022-09-19 05:00:00+00:00,20.299338267307736,19.6
2022-09-19 05:05:00+00:00,20.299571954603735,19.6
2022-09-19 05:10:00+00:00,20.299805614117464,19.6
2022-09-19 05:15:00+00:00,20.30003924585223,19.6
2022-09-19 05:20:00+00:00,20.300272849811325,19.6
2022-09-19 05:25:00+00:00,20.300506425998062,19.6
2022-09-19 05:30:00+00:00,20.300739974415734,19.6
2022-09-19 05:35:00+00:00,20.30097349506765,19.6
2022-09-19 05:40:00+00:00,20.301206987957105,19.6
2022-09-19 05:45:00+00:00,20.301440453087405,19.6
2022-09-19 05:50:00+00:00,20.301673890461846,19.6
2022-09-19 05:55:00+00:00,20.301907300083727,19.6
2022-09-19 06:00:00+00:00,20.30214068195635,19.6
2022-09-19 06:05:00+00:00,20.302374036083012,19.6
2022-09-19 06:10:00+00:00,20.30260736246702,19.6
2022-09-19 06:15:00+00:00,20.302840661111656,19.6
2022-09-19 06:20:00+00:00,20.303073932020233,19.6
2022-09-19 06:25:00+00:00,20.30330717519604,19.6
2022-09-19 06:30:00+00:00,20.30354039064238,19.6
2022-09-19 06:35:00+00:00,20.30377357836254,19.6
2022-09-19 06:40:00+00:00,20.304006738359828,19.6
2022-09-19 06:45:00+00:00,20.30423987063753,19.6
2022-09-19 06:50:00+00:00,20.304472975198948,19.6
2022-09-19 06:55:00+00:00,20.304706052047376,19.6
2022-09-19 07:00:00+00:00,20.304939101186108,19.6
2022-09-19 07:05:00+00:00,20.305172122618437,19.6
2022-09-19 07:10:00+00:00,20.305405116347657,19.6
2022-09-19 07:15:00+00:00,20.30563808237706,19.6
2022-09-19 07:20:00+00:00,20.305871020709947,19.6
2022-09-19 07:25:00+00:00,20.306103931349604,19.6
2022-09-19 07:30:00+00:00,20.30633681429932,19.6
2022-09-19 07:35:00+00:00,20.306569669562396,19.6
2022-09-19 07:40:00+00:00,20.30680249714212,19.6
2022-09-19 07:45:00+00:00,20.307035297041782,19.6
2022-09-19 07:50:00+00:00,20.30726806926467,19.6
2022-09-19 07:55:00+00:00,20.30750081381408,19.6
2022-09-19 08:00:00+00:00,20.307733530693298,19.6
2022-09-19 08:05:00+00:00,20.307966219905616,19.6
2022-09-19 08:10:00+00:00,20.308198881454324,19.6
2022-09-19 08:15:00+00:00,20.308431515342704,19.6
2022-09-19 08:20:00+00:00,20.308664121574054,19.6
2022-09-19 08:25:00+00:00,20.308896700151656,19.6
2022-09-19 08:30:00+00:00,20.3091292510788,19.6
2022-09-19 08:35:00+00:00,20.309361774358774,19.6
2022-09-19 08:40:00+00:00,20.30959426999486,19.6
2022-09-19 08:45:00+00:00,20.309826737990353,19.6
2022-09-19 08:50:00+00:00,20.31005917834853,19.6
2022-09-19 08:55:00+00:00,20.310291591072684,19.6
2022-09-19 09:00:00+00:00,20.310523976166095,19.6
2022-09-19 09:05:00+00:00,20.31075633363205,19.6
2022-09-19 09:10:00+00:00,20.310988663473832,19.6
2022-09-19 09:15:00+00:00,20.31122096569473,19.6
2022-09-19 09:20:00+00:00,20.31145324029802,19.6
2022-09-19 09:25:00+00:00,20.311685487286994,19.6
2022-09-19 09:30:00+00:00,20.31191770666493,19.6
2022-09-19 09:35:00+00:00,20.31214989843511,19.6
2022-09-19 09:40:00+00:00,20.31238206260082,19.6
2022-09-19 09:45:00+00:00,20.312614199165335,19.6
2022-09-19 09:50:00+00:00,20.31284630813194,19.6
2022-09-19 09:55:00+00:00,20.31307838950392,19.6
2022-09-19 10:00:00+00:00,20.313310443284553,19.6
2022-09-19 10:05:00+00:00,20.31354246947712,19.6
2022-09-19 10:10:00+00:00,20.313774468084898,19.6
2022-09-19 10:15:00+00:00,20.314006439111164,19.6
2022-09-19 10:20:00+00:00,20.314238382559207,19.6
2022-09-19 10:25:00+00:00,20.314470298432298,19.6
2022-09-19 10:30:00+00:00,20.314702186733715,19.6
2022-09-19 10:35:00+00:00,20.31493404746674,19.6
2022-09-19 10:40:00+00:00,20.315165880634645,19.6
2022-09-19 10:45:00+00:00,20.315397686240715,19.6
2022-09-19 10:50:00+00:00,20.315629464288218,19.6
2022-09-19 10:55:00+00:00,20.315861214780437,19.6
2022-09-19 11:00:00+00:00,20.316092937720644,19.6
2022-09-19 11:05:00+00:00,20.316324633112117,19.6
2022-09-19 11:10:00+00:00,20.31655630095813,19.6
2022-09-19 11:15:00+00:00,20.316787941261957,19.6
2022-09-19 11:20:00+00:00,20.317019554026878,19.6
2022-09-19 11:25:00+00:00,20.317251139256157,19.6
2022-09-19 11:30:00+00:00,20.317482696953075,19.6
2022-09-19 11:35:00+00:00,20.317714227120906,19.6
2022-09-19 11:40:00+00:00,20.317945729762915,19.6
2022-09-19 11:45:00+00:00,20.31817720488238,19.6
2022-09-19 11:50:00+00:00,20.318408652482578,19.6
2022-09-19 11:55:00+00:00,20.318640072566772,19.6
2022-09-19 12:00:00+00:00,20.318871465138237,19.6
2022-09-19 12:05:00+00:00,20.319102830200244,19.6
2022-09-19 12:10:00+00:00,20.31933416775606,19.6
2022-09-19 12:15:00+00:00,20.31956547780896,19.6
2022-09-19 12:20:00+00:00,20.319796760362216,19.6
2022-09-19 12:25:00+00:00,20.320028015419087,19.6
2022-09-19 12:30:00+00:00,20.32025924298285,19.6
2022-09-19 12:35:00+00:00,20.320490443056773,19.6
2022-09-19 12:40:00+00:00,20.32072161564412,19.6
2022-09-19 12:45:00+00:00,20.320952760748167,19.6
2022-09-19 12:50:00+00:00,20.32118387837217,19.6
2022-09-19 12:55:00+00:00,20.321414968519406,19.6
2022-09-19 13:00:00+00:00,20.321646031193136,19.6
2022-09-19 13:05:00+00:00,20.321877066396627,19.6
2022-09-19 13:10:00+00:00,20.322108074133148,19.6
2022-09-19 13:15:00+00:00,20.322339054405962,19.6
2022-09-19 13:20:00+00:00,20.32257000721833,19.6
2022-09-19 13:25:00+00:00,20.32280093257353,19.6
2022-09-19 13:30:00+00:00,20.323031830474807,19.6
2022-09-19 13:35:00+00:00,20.32326270092544,19.6
2022-09-19 13:40:00+00:00,20.323493543928688,19.6
2022-09-19 13:45:00+00:00,20.323724359487812,19.6
2022-09-19 13:50:00+00:00,20.32395514760608,19.6
2022-09-19 13:55:00+00:00,20.324185908286747,19.6
2022-09-19 14:00:00+00:00,20.32441664153308,19.6
2022-09-19 14:05:00+00:00,20.32464734734834,19.6
2022-09-19 14:10:00+00:00,20.324878025735785,19.6
2022-09-19 14:15:00+00:00,20.32510867669868,19.6
2022-09-19 14:20:00+00:00,20.325339300240284,19.6
2022-09-19 14:25:00+00:00,20.325569896363856,19.6
2022-09-19 14:30:00+00:00,20.32580046507266,19.6
2022-09-19 14:35:00+00:00,20.32603100636995,19.6
2022-09-19 14:40:00+00:00,20.32626152025898,19.6
2022-09-19 14:45:00+00:00,20.326492006743024,19.6
2022-09-19 14:50:00+00:00,20.326722465825327,19.6
2022-09-19 14:55:00+00:00,20.32695289750915,19.6
2022-09-19 15:00:00+00:00,20.327183301797753,19.6
2022-09-19 15:05:00+00:00,20.32741367869439,19.6
2022-09-19 15:10:00+00:00,20.327644028202318,19.6
2022-09-19 15:15:00+00:00,20.327874350324795,19.6
2022-09-19 15:20:00+00:00,20.328104645065075,19.6
2022-09-19 15:25:00+00:00,20.328334912426413,19.6
2022-09-19 15:30:00+00:00,20.328565152412065,19.6
2022-09-19 15:35:00+00:00,20.328795365025286,19.6
2022-09-19 15:40:00+00:00,20.32902555026933,19.6
2022-09-19 15:45:00+00:00,20.32925570814745,19.6
2022-09-19 15:50:00+00:00,20.329485838662897,19.6
2022-09-19 15:55:00+00:00,20.329715941818932,19.6
2022-09-19 16:00:00+00:00,20.3299460176188,19.6
2022-09-19 16:05:00+00:00,20.330176066065754,19.6
2022-09-19 16:10:00+00:00,20.330406087163052,19.6
2022-09-19 16:15:00+00:00,20.33063608091394,19.6
2022-09-19 16:20:00+00:00,20.330866047321667,19.6
2022-09-19 16:25:00+00:00,20.331095986389492,19.6
2022-09-19 16:30:00+00:00,20.331325898120657,19.6
2022-09-19 16:35:00+00:00,20.331555782518418,19.6
2022-09-19 16:40:00+00:00,20.33178563958602,19.6
2022-09-19 16:45:00+00:00,20.332015469326713,19.6
2022-09-19 16:50:00+00:00,20.33224527174375,19.6
2022-09-19 16:55:00+00:00,20.332475046840376,19.6
2022-09-19 17:00:00+00:00,20.332704794619836,19.6
2022-09-19 17:05:00+00:00,20.332934515085384,19.6
2022-09-19 17:10:00+00:00,20.333164208240266,19.6
2022-09-19 17:15:00+00:00,20.333393874087726,19.6
2022-09-19 17:20:00+00:00,20.33362351263101,19.6
2022-09-19 17:25:00+00:00,20.333853123873368,19.6
2022-09-19 17:30:00+00:00,20.33408270781804,19.6
2022-09-19 17:35:00+00:00,20.334312264468277,19.6
2022-09-19 17:40:00+00:00,20.334541793827324,19.6
2022-09-19 17:45:00+00:00,20.33477129589842,19.6
2022-09-19 17:50:00+00:00,20.335000770684815,19.6
2022-09-19 17:55:00+00:00,20.335230218189746,19.6
2022-09-19 18:00:00+00:00,20.335459638416467,19.6
2022-09-19 18:05:00+00:00,20.33568903136821,19.6
2022-09-19 18:10:00+00:00,20.335918397048225,19.6
2022-09-19 18:15:00+00:00,20.336147735459747,19.6
2022-09-19 18:20:00+00:00,20.336377046606028,19.6
2022-09-19 18:25:00+00:00,20.3366063304903,19.6
2022-09-19 18:30:00+00:00,20.33683558711581,19.6
2022-09-19 18:35:00+00:00,20.337064816485796,19.6
2022-09-19 18:40:00+00:00,20.3372940186035,19.6
2022-09-19 18:45:00+00:00,20.337523193472162,19.6
2022-09-19 18:50:00+00:00,20.337752341095015,19.6
2022-09-19 18:55:00+00:00,20.33798146147531,19.6
2022-09-19 19:00:00+00:00,20.338210554616275,19.6
2022-09-19 19:05:00+00:00,20.338439620521154,19.6
2022-09-19 19:10:00+00:00,20.338668659193186,19.6
2022-09-19 19:15:00+00:00,20.338897670635603,19.6
2022-09-19 19:20:00+00:00,20.339126654851647,19.6
2022-09-19 19:25:00+00:00,20.339355611844553,19.6
2022-09-19 19:30:00+00:00,20.339584541617562,19.6
2022-09-19 19:35:00+00:00,20.339813444173902,19.6
2022-09-19 19:40:00+00:00,20.34004231951681,19.6
2022-09-19 19:45:00+00:00,20.34027116764953,19.6
2022-09-19 19:50:00+00:00,20.34049998857529,19.6
2022-09-19 19:55:00+00:00,20.340728782297322,19.6
2022-09-19 20:00:00+00:00,20.340957548818864,19.6
2022-09-19 20:05:00+00:00,20.341186288143152,19.6
2022-09-19 20:10:00+00:00,20.341415000273415,19.6
2022-09-19 20:15:00+00:00,20.34164368521289,19.6
2022-09-19 20:20:00+00:00,20.341872342964805,19.6
2022-09-19 20:25:00+00:00,20.342100973532396,19.6
2022-09-19 20:30:00+00:00,20.342329576918893,19.6
2022-09-19 20:35:00+00:00,20.342558153127527,19.6
2022-09-19 20:40:00+00:00,20.342786702161533,19.6
2022-09-19 20:45:00+00:00,20.343015224024136,19.6
2022-09-19 20:50:00+00:00,20.343243718718572,19.6
2022-09-19 20:55:00+00:00,20.343472186248064,19.6
2022-09-19 21:00:00+00:00,20.34370062661585,19.6
2022-09-19 21:05:00+00:00,20.34392903982515,19.6
2022-09-19 21:10:00+00:00,20.3441574258792,19.6
2022-09-19 21:15:00+00:00,20.344385784781227,19.6
2022-09-19 21:20:00+00:00,20.344614116534455,19.6
2022-09-19 21:25:00+00:00,20.34484242114212,19.6
2022-09-19 21:30:00+00:00,20.345070698607437,19.6
2022-09-19 21:35:00+00:00,20.345298948933642,19.6
2022-09-19 21:40:00+00:00,20.34552717212396,19.6
2022-09-19 21:45:00+00:00,20.345755368181617,19.6
2022-09-19 21:50:00+00:00,20.345983537109834,19.6
2022-09-19 21:55:00+00:00,20.346211678911843,19.6
2022-09-19 22:00:00+00:00,20.346439793590868,19.6
2022-09-19 22:05:00+00:00,20.34666788115013,19.6
2022-09-19 22:10:00+00:00,20.346895941592855,19.6
2022-09-19 22:15:00+00:00,20.347123974922265,19.6
2022-09-19 22:20:00+00:00,20.347351981141585,19.6
2022-09-19 22:25:00+00:00,20.34757996025404,19.6
2022-09-19 22:30:00+00:00,20.34780791226285,19.6
2022-09-19 22:35:00+00:00,20.34803583717124,19.6
2022-09-19 22:40:00+00:00,20.348263734982428,19.6
2022-09-19 22:45:00+00:00,20.34849160569964,19.6
2022-09-19 22:50:00+00:00,20.34871944932609,19.6
2022-09-19 22:55:00+00:00,20.348947265865007,19.6
2022-09-19 23:00:00+00:00,20.349175055319606,19.6
2022-09-19 23:05:00+00:00,20.349402817693107,19.6
2022-09-19 23:10:00+00:00,20.34963055298873,19.6
2022-09-19 23:15:00+00:00,20.3498582612097,19.6
2022-09-19 23:20:00+00:00,20.35008594235923,19.6
2022-09-19 23:25:00+00:00,20.350313596440536,19.6
2022-09-19 23:30:00+00:00,20.350541223456844,19.6
2022-09-19 23:35:00+00:00,20.350768823411364,19.6
2022-09-19 23:40:00+00:00,20.35099639630732,19.6
2022-09-19 23:45:00+00:00,20.35122394214792,19.6
2022-09-19 23:50:00+00:00,20.351451460936392,19.6
2022-09-19 23:55:00+00:00,20.351678952675943,19.6
2022-09-20 00:00:00+00:00,20.35190641736979,19.6
2022-09-20 00:05:00+00:00,20.352133855021155,19.6
2022-09-20 00:10:00+00:00,20.352361265633245,19.6
2022-09-20 00:15:00+00:00,20.352588649209277,19.6
2022-09-20 00:20:00+00:00,20.352816005752466,19.6
2022-09-20 00:25:00+00:00,20.35304333526603,19.6
2022-09-20 00:30:00+00:00,20.353270637753173,19.6
2022-09-20 00:35:00+00:00,20.353497913217115,19.6
2022-09-20 00:40:00+00:00,20.35372516166107,19.6
2022-09-20 00:45:00+00:00,20.353952383088245,19.6
2022-09-20 00:50:00+00:00,20.354179577501853,19.6
2022-09-20 00:55:00+00:00,20.35440674490511,19.6
2022-09-20 01:00:00+00:00,20.354633885301222,19.6
2022-09-20 01:05:00+00:00,20.354860998693404,19.6
2022-09-20 01:10:00+00:00,20.355088085084862,19.6
2022-09-20 01:15:00+00:00,20.35531514447881,19.6
2022-09-20 01:20:00+00:00,20.355542176878455,19.6
2022-09-20 01:25:00+00:00,20.355769182287005,19.6
2022-09-20 01:30:00+00:00,20.355996160707672,19.6
2022-09-20 01:35:00+00:00,20.356223112143667,19.6
2022-09-20 01:40:00+00:00,20.35645003659819,19.6
2022-09-20 01:45:00+00:00,20.356676934074457,19.6
2022-09-20 01:50:00+00:00,20.35690380457567,19.6
2022-09-20 01:55:00+00:00,20.357130648105038,19.6
2022-09-20 02:00:00+00:00,20.357357464665768,19.6
2022-09-20 02:05:00+00:00,20.357584254261063,19.6
2022-09-20 02:10:00+00:00,20.357811016894132,19.6
2022-09-20 02:15:00+00:00,20.35803775256818,19.6
2022-09-20 02:20:00+00:00,20.358264461286414,19.6
2022-09-20 02:25:00+00:00,20.358491143052035,19.6
2022-09-20 02:30:00+00:00,20.35871779786825,19.6
2022-09-20 02:35:00+00:00,20.358944425738258,19.6
2022-09-20 02:40:00+00:00,20.35917102666527,19.6
2022-09-20 02:45:00+00:00,20.359397600652485,19.6
2022-09-20 02:50:00+00:00,20.359624147703105,19.6
2022-09-20 02:55:00+00:00,20.359850667820336,19.6
2022-09-20 03:00:00+00:00,20.360077161007375,19.6
2022-09-20 03:05:00+00:00,20.360303627267427,19.6
2022-09-20 03:10:00+00:00,20.36053006660369,19.6
2022-09-20 03:15:00+00:00,20.360756479019372,19.6
2022-09-20 03:20:00+00:00,20.360982864517666,19.6
2022-09-20 03:25:00+00:00,20.361209223101774,19.6
2022-09-20 03:30:00+00:00,20.3614355547749,19.6
2022-09-20 03:35:00+00:00,20.36166185954024,19.6
2022-09-20 03:40:00+00:00,20.361888137400992,19.6
2022-09-20 03:45:00+00:00,20.362114388360354,19.6
2022-09-20 03:50:00+00:00,20.362340612421526,19.6
2022-09-20 03:55:00+00:00,20.362566809587708,19.6
2022-09-20 04:00:00+00:00,20.362792979862096,19.6
2022-09-20 04:05:00+00:00,20.363019123247884,19.6
2022-09-20 04:10:00+00:00,20.36324523974827,19.6
2022-09-20 04:15:00+00:00,20.363471329366455,19.6
2022-09-20 04:20:00+00:00,20.363697392105628,19.6
2022-09-20 04:25:00+00:00,20.363923427968988,19.6
2022-09-20 04:30:00+00:00,20.36414943695973,19.6
2022-09-20 04:35:00+00:00,20.36437541908105,19.6
2022-09-20 04:40:00+00:00,20.36460137433614,19.6
2022-09-20 04:45:00+00:00,20.364827302728195,19.6
2022-09-20 04:50:00+00:00,20.36505320426041,19.6
2022-09-20 04:55:00+00:00,20.365279078935973,19.6
2022-09-20 05:00:00+00:00,20.365504926758085,19.6
2022-09-20 05:05:00+00:00,20.365730747729934,19.6
2022-09-20 05:10:00+00:00,20.36595654185471,19.6
2022-09-20 05:15:00+00:00,20.36618230913561,19.6
2022-09-20 05:20:00+00:00,20.366408049575824,19.6
2022-09-20 05:25:00+00:00,20.366633763178537,19.6
2022-09-20 05:30:00+00:00,20.36685944994695,19.6
2022-09-20 05:35:00+00:00,20.367085109884243,19.6
2022-09-20 05:40:00+00:00,20.367310742993613,19.6
2022-09-20 05:45:00+00:00,20.367536349278247,19.6
2022-09-20 05:50:00+00:00,20.36776192874133,19.6
2022-09-20 05:55:00+00:00,20.36798748138606,19.6
2022-09-20 06:00:00+00:00,20.368213007215616,19.6
2022-09-20 06:05:00+00:00,20.368438506233193,19.6
2022-09-20 06:10:00+00:00,20.368663978441976,19.6
2022-09-20 06:15:00+00:00,20.36888942384515,19.6
2022-09-20 06:20:00+00:00,20.369114842445903,19.6
2022-09-20 06:25:00+00:00,20.369340234247424,19.6
2022-09-20 06:30:00+00:00,20.369565599252894,19.6
2022-09-20 06:35:00+00:00,20.369790937465506,19.6
2022-09-20 06:40:00+00:00,20.37001624888844,19.6
2022-09-20 06:45:00+00:00,20.37024153352488,19.6
2022-09-20 06:50:00+00:00,20.370466791378014,19.6
2022-09-20 06:55:00+00:00,20.370692022451024,19.6
2022-09-20 07:00:00+00:00,20.370917226747096,19.6
2022-09-20 07:05:00+00:00,20.37114240426941,19.6
2022-09-20 07:10:00+00:00,20.371367555021155,19.6
2022-09-20 07:15:00+00:00,20.371592679005506,19.6
2022-09-20 07:20:00+00:00,20.37181777622565,19.6
2022-09-20 07:25:00+00:00,20.372042846684767,19.6
2022-09-20 07:30:00+00:00,20.37226789038604,19.6
2022-09-20 07:35:00+00:00,20.372492907332653,19.6
2022-09-20 07:40:00+00:00,20.372717897527778,19.6
2022-09-20 07:45:00+00:00,20.372942860974604,19.6
2022-09-20 07:50:00+00:00,20.37316779767631,19.6
2022-09-20 07:55:00+00:00,20.373392707636068,19.6
2022-09-20 08:00:00+00:00,20.373617590857066,19.6
2022-09-20 08:05:00+00:00,20.37384244734248,19.6
2022-09-20 08:10:00+00:00,20.374067277095484,19.6
2022-09-20 08:15:00+00:00,20.374292080119265,19.6
2022-09-20 08:20:00+00:00,20.374516856416992,19.6
2022-09-20 08:25:00+00:00,20.37474160599185,19.6
2022-09-20 08:30:00+00:00,20.37496632884701,19.6
2022-09-20 08:35:00+00:00,20.37519102498565,19.6
2022-09-20 08:40:00+00:00,20.37541569441095,19.6
2022-09-20 08:45:00+00:00,20.37564033712608,19.6
2022-09-20 08:50:00+00:00,20.37586495313422,19.6
2022-09-20 08:55:00+00:00,20.376089542438542,19.6
2022-09-20 09:00:00+00:00,20.376314105042223,19.6
2022-09-20 09:05:00+00:00,20.37653864094844,19.6
2022-09-20 09:10:00+00:00,20.376763150160357,19.6
2022-09-20 09:15:00+00:00,20.37698763268116,19.6
2022-09-20 09:20:00+00:00,20.377212088514014,19.6
2022-09-20 09:25:00+00:00,20.377436517662094,19.6
2022-09-20 09:30:00+00:00,20.377660920128573,19.6
2022-09-20 09:35:00+00:00,20.377885295916624,19.6
2022-09-20 09:40:00+00:00,20.378109645029415,19.6
2022-09-20 09:45:00+00:00,20.37833396747012,19.6
2022-09-20 09:50:00+00:00,20.378558263241914,19.6
2022-09-20 09:55:00+00:00,20.37878253234796,19.6
2022-09-20 10:00:00+00:00,20.37900677479143,19.6
2022-09-20 10:05:00+00:00,20.379230990575497,19.6
2022-09-20 10:10:00+00:00,20.379455179703328,19.6
2022-09-20 10:15:00+00:00,20.379679342178093,19.6
2022-09-20 10:20:00+00:00,20.379903478002962,19.6
2022-09-20 10:25:00+00:00,20.380127587181104,19.6
2022-09-20 10:30:00+00:00,20.38035166971568,19.6
2022-09-20 10:35:00+00:00,20.380575725609866,19.6
2022-09-20 10:40:00+00:00,20.38079975486682,19.6
2022-09-20 10:45:00+00:00,20.38102375748972,19.6
2022-09-20 10:50:00+00:00,20.381247733481725,19.6
2022-09-20 10:55:00+00:00,20.381471682846,19.6
2022-09-20 11:00:00+00:00,20.38169560558572,19.6
2022-09-20 11:05:00+00:00,20.38191950170404,19.6
2022-09-20 11:10:00+00:00,20.382143371204126,19.6
2022-09-20 11:15:00+00:00,20.38236721408915,19.6
2022-09-20 11:20:00+00:00,20.38259103036227,19.6
2022-09-20 11:25:00+00:00,20.38281482002665,19.6
2022-09-20 11:30:00+00:00,20.383038583085455,19.6
2022-09-20 11:35:00+00:00,20.38326231954185,19.6
2022-09-20 11:40:00+00:00,20.38348602939899,19.6
2022-09-20 11:45:00+00:00,20.38370971266005,19.6
2022-09-20 11:50:00+00:00,20.38393336932818,19.6
2022-09-20 11:55:00+00:00,20.384156999406546,19.6
2022-09-20 12:00:00+00:00,20.38438060289831,19.6
2022-09-20 12:05:00+00:00,20.384604179806633,19.6
2022-09-20 12:10:00+00:00,20.384827730134674,19.6
2022-09-20 12:15:00+00:00,20.385051253885592,19.6
2022-09-20 12:20:00+00:00,20.385274751062553,19.6
2022-09-20 12:25:00+00:00,20.38549822166871,19.6
2022-09-20 12:30:00+00:00,20.38572166570722,19.6
2022-09-20 12:35:00+00:00,20.385945083181245,19.6
2022-09-20 12:40:00+00:00,20.386168474093946,19.6
2022-09-20 12:45:00+00:00,20.386391838448475,19.6
2022-09-20 12:50:00+00:00,20.386615176247993,19.6
2022-09-20 12:55:00+00:00,20.38683848749566,19.6
2022-09-20 13:00:00+00:00,20.387061772194624,19.6
2022-09-20 13:05:00+00:00,20.38728503034805,19.6
2022-09-20 13:10:00+00:00,20.387508261959088,19.6
2022-09-20 13:15:00+00:00,20.387731467030896,19.6
2022-09-20 13:20:00+00:00,20.387954645566627,19.6
2022-09-20 13:25:00+00:00,20.38817779756944,19.6
2022-09-20 13:30:00+00:00,20.38840092304249,19.6
2022-09-20 13:35:00+00:00,20.38862402198892,19.6
2022-09-20 13:40:00+00:00,20.388847094411897,19.6
2022-09-20 13:45:00+00:00,20.38907014031457,19.6
2022-09-20 13:50:00+00:00,20.389293159700088,19.6
2022-09-20 13:55:00+00:00,20.38951615257161,19.6
2022-09-20 14:00:00+00:00,20.389739118932283,19.6
2022-09-20 14:05:00+00:00,20.389962058785258,19.6
2022-09-20 14:10:00+00:00,20.390184972133692,19.6
2022-09-20 14:15:00+00:00,20.39040785898073,19.6
2022-09-20 14:20:00+00:00,20.39063071932953,19.6
2022-09-20 14:25:00+00:00,20.390853553183234,19.6
2022-09-20 14:30:00+00:00,20.391076360544997,19.6
2022-09-20 14:35:00+00:00,20.391299141417964,19.6
2022-09-20 14:40:00+00:00,20.39152189580529,19.6
2022-09-20 14:45:00+00:00,20.391744623710125,19.6
2022-09-20 14:50:00+00:00,20.391967325135607,19.6
2022-09-20 14:55:00+00:00,20.392190000084895,19.6
2022-09-20 15:00:00+00:00,20.39241264856113,19.6
2022-09-20 15:05:00+00:00,20.39263527056746,19.6
2022-09-20 15:10:00+00:00,20.392857866107036,19.6
2022-09-20 15:15:00+00:00,20.393080435183002,19.6
2022-09-20 15:20:00+00:00,20.393302977798506,19.6
2022-09-20 15:25:00+00:00,20.393525493956687,19.6
2022-09-20 15:30:00+00:00,20.393747983660703,19.6
2022-09-20 15:35:00+00:00,20.393970446913684,19.6
2022-09-20 15:40:00+00:00,20.394192883718787,19.6
2022-09-20 15:45:00+00:00,20.39441529407915,19.6
2022-09-20 15:50:00+00:00,20.394637677997917,19.6
2022-09-20 15:55:00+00:00,20.39486003547823,19.6
2022-09-20 16:00:00+00:00,20.39508236652324,19.6
2022-09-20 16:05:00+00:00,20.395304671136085,19.6
2022-09-20 16:10:00+00:00,20.395526949319905,19.6
2022-09-20 16:15:00+00:00,20.395749201077845,19.6
2022-09-20 16:20:00+00:00,20.395971426413045,19.6
2022-09-20 16:25:00+00:00,20.39619362532865,19.6
2022-09-20 16:30:00+00:00,20.396415797827796,19.6
2022-09-20 16:35:00+00:00,20.39663794391363,19.6
2022-09-20 16:40:00+00:00,20.39686006358928,19.6
2022-09-20 16:45:00+00:00,20.397082156857902,19.6
2022-09-20 16:50:00+00:00,20.39730422372262,19.6
2022-09-20 16:55:00+00:00,20.397526264186585,19.6
2022-09-20 17:00:00+00:00,20.39774827825293,19.6
2022-09-20 17:05:00+00:00,20.397970265924798,19.6
2022-09-20 17:10:00+00:00,20.398192227205318,19.6
2022-09-20 17:15:00+00:00,20.398414162097634,19.6
2022-09-20 17:20:00+00:00,20.398636070604883,19.6
2022-09-20 17:25:00+00:00,20.3988579527302,19.6
2022-09-20 17:30:00+00:00,20.399079808476724,19.6
2022-09-20 17:35:00+00:00,20.39930163784759,19.6
2022-09-20 17:40:00+00:00,20.39952344084593,19.6
2022-09-20 17:45:00+00:00,20.399745217474884,19.6
2022-09-20 17:50:00+00:00,20.399966967737583,19.6
2022-09-20 17:55:00+00:00,20.40018869163717,19.6
2022-09-20 18:00:00+00:00,20.40041038917677,19.6
2022-09-20 18:05:00+00:00,20.40063206035952,19.6
2022-09-20 18:10:00+00:00,20.400853705188553,19.6
2022-09-20 18:15:00+00:00,20.401075323667,19.6
2022-09-20 18:20:00+00:00,20.401296915798003,19.6
2022-09-20 18:25:00+00:00,20.401518481584684,19.6
2022-09-20 18:30:00+00:00,20.40174002103018,19.6
2022-09-20 18:35:00+00:00,20.40196153413762,19.6
2022-09-20 18:40:00+00:00,20.402183020910137,19.6
2022-09-20 18:45:00+00:00,20.402404481350864,19.6
2022-09-20 18:50:00+00:00,20.402625915462924,19.6
2022-09-20 18:55:00+00:00,20.402847323249453,19.6
2022-09-20 19:00:00+00:00,20.403068704713583,19.6
2022-09-20 19:05:00+00:00,20.403290059858442,19.6
2022-09-20 19:10:00+00:00,20.40351138868715,19.6
2022-09-20 19:15:00+00:00,20.403732691202848,19.6
2022-09-20 19:20:00+00:00,20.40395396740866,19.6
2022-09-20 19:25:00+00:00,20.40417521730771,19.6
2022-09-20 19:30:00+00:00,20.40439644090313,19.6
2022-09-20 19:35:00+00:00,20.404617638198047,19.6
2022-09-20 19:40:00+00:00,20.40483880919558,19.6
2022-09-20 19:45:00+00:00,20.40505995389887,19.6
2022-09-20 19:50:00+00:00,20.40528107231103,19.6
2022-09-20 19:55:00+00:00,20.405502164435195,19.6
2022-09-20 20:00:00+00:00,20.405723230274482,19.6
2022-09-20 20:05:00+00:00,20.40594426983202,19.6
2022-09-20 20:10:00+00:00,20.406165283110933,19.6
2022-09-20 20:15:00+00:00,20.40638627011435,19.6
2022-09-20 20:20:00+00:00,20.406607230845385,19.6
2022-09-20 20:25:00+00:00,20.406828165307168,19.6
2022-09-20 20:30:00+00:00,20.407049073502822,19.6
2022-09-20 20:35:00+00:00,20.407269955435467,19.6
2022-09-20 20:40:00+00:00,20.40749081110823,19.6
2022-09-20 20:45:00+00:00,20.407711640524226,19.6
2022-09-20 20:50:00+00:00,20.407932443686583,19.6
2022-09-20 20:55:00+00:00,20.408153220598418,19.6
2022-09-20 21:00:00+00:00,20.408373971262854,19.6
2022-09-20 21:05:00+00:00,20.40859469568301,19.6
2022-09-20 21:10:00+00:00,20.408815393862007,19.6
2022-09-20 21:15:00+00:00,20.409036065802965,19.6
2022-09-20 21:20:00+00:00,20.409256711509006,19.6
2022-09-20 21:25:00+00:00,20.40947733098324,19.6
2022-09-20 21:30:00+00:00,20.409697924228794,19.6
2022-09-20 21:35:00+00:00,20.40991849124879,19.6
2022-09-20 21:40:00+00:00,20.41013903204633,19.6
2022-09-20 21:45:00+00:00,20.410359546624544,19.6
2022-09-20 21:50:00+00:00,20.41058003498655,19.6
2022-09-20 21:55:00+00:00,20.410800497135458,19.6
2022-09-20 22:00:00+00:00,20.411020933074386,19.6
2022-09-20 22:05:00+00:00,20.411241342806456,19.6
2022-09-20 22:10:00+00:00,20.411461726334775,19.6
2022-09-20 22:15:00+00:00,20.411682083662463,19.6
2022-09-20 22:20:00+00:00,20.411902414792635,19.6
2022-09-20 22:25:00+00:00,20.412122719728405,19.6
2022-09-20 22:30:00+00:00,20.412342998472887,19.6
2022-09-20 22:35:00+00:00,20.412563251029194,19.6
2022-09-20 22:40:00+00:00,20.412783477400442,19.6
2022-09-20 22:45:00+00:00,20.413003677589742,19.6
2022-09-20 22:50:00+00:00,20.413223851600204,19.6
2022-09-20 22:55:00+00:00,20.413443999434946,19.6
2022-09-20 23:00:00+00:00,20.413664121097078,19.6
2022-09-20 23:05:00+00:00,20.413884216589707,19.6
2022-09-20 23:10:00+00:00,20.41410428591595,19.6
2022-09-20 23:15:00+00:00,20.414324329078916,19.6
2022-09-20 23:20:00+00:00,20.414544346081716,19.6
2022-09-20 23:25:00+00:00,20.414764336927455,19.6
2022-09-20 23:30:00+00:00,20.414984301619253,19.6
2022-09-20 23:35:00+00:00,20.415204240160207,19.6
2022-09-20 23:40:00+00:00,20.415424152553438,19.6
2022-09-20 23:45:00+00:00,20.415644038802046,19.6
2022-09-20 23:50:00+00:00,20.415863898909144,19.6
2022-09-20 23:55:00+00:00,20.416083732877837,19.6
2022-09-21 00:00:00+00:00,20.416303540711233,19.6
2022-09-21 00:05:00+00:00,20.41652332241244,19.6
2022-09-21 00:10:00+00:00,20.416743077984567,19.6
2022-09-21 00:15:00+00:00,20.416962807430714,19.6
2022-09-21 00:20:00+00:00,20.417182510753992,19.6
2022-09-21 00:25:00+00:00,20.417402187957506,19.6
2022-09-21 00:30:00+00:00,20.41762183904436,19.6
2022-09-21 00:35:00+00:00,20.417841464017663,19.6
2022-09-21 00:40:00+00:00,20.418061062880515,19.6
2022-09-21 00:45:00+00:00,20.41828063563602,19.6
2022-09-21 00:50:00+00:00,20.418500182287282,19.6
2022-09-21 00:55:00+00:00,20.41871970283741,19.6
2022-09-21 01:00:00+00:00,20.4189391972895,19.6
2022-09-21 01:05:00+00:00,20.41915866564666,19.6
2022-09-21 01:10:00+00:00,20.419378107911985,19.6
2022-09-21 01:15:00+00:00,20.419597524088587,19.6
2022-09-21 01:20:00+00:00,20.41981691417956,19.6
2022-09-21 01:25:00+00:00,20.420036278188007,19.6
2022-09-21 01:30:00+00:00,20.420255616117032,19.6
2022-09-21 01:35:00+00:00,20.420474927969728,19.6
2022-09-21 01:40:00+00:00,20.420694213749204,19.6
2022-09-21 01:45:00+00:00,20.42091347345856,19.6
2022-09-21 01:50:00+00:00,20.421132707100885,19.6
2022-09-21 01:55:00+00:00,20.421351914679285,19.6
2022-09-21 02:00:00+00:00,20.42157109619686,19.6
2022-09-21 02:05:00+00:00,20.421790251656706,19.6
2022-09-21 02:10:00+00:00,20.42200938106192,19.6
2022-09-21 02:15:00+00:00,20.422228484415598,19.6
2022-09-21 02:20:00+00:00,20.422447561720844,19.6
2022-09-21 02:25:00+00:00,20.42266661298075,19.6
2022-09-21 02:30:00+00:00,20.422885638198412,19.6
2022-09-21 02:35:00+00:00,20.42310463737693,19.6
2022-09-21 02:40:00+00:00,20.423323610519393,19.6
2022-09-21 02:45:00+00:00,20.423542557628902,19.6
2022-09-21 02:50:00+00:00,20.423761478708553,19.6
2022-09-21 02:55:00+00:00,20.423980373761434,19.6
2022-09-21 03:00:00+00:00,20.424199242790642,19.6
2022-09-21 03:05:00+00:00,20.424418085799275,19.6
2022-09-21 03:10:00+00:00,20.42463690279042,19.6
2022-09-21 03:15:00+00:00,20.424855693767178,19.6
